"Season_End_Year","Squad","Comp","Player","Nation","Pos","Age","Born","Url","Mins_Per_90","MP_Playing","Starts_Playing","Min_Playing","Mins_Per_90_Playing","GA","GA90","SoTA","Saves","Save_percent","W","D","L","CS","CS_percent","PKatt_Penalty","PKA_Penalty","PKsv_Penalty","PKm_Penalty","Save_percent_Penalty","GA_Goals","PKA_Goals","FK_Goals","CK_Goals","OG_Goals","PSxG_Expected","PSxG_per_SoT_Expected","PSxG_minus_GA","per_90","Cmp_Launched","Att_Launched","Cmp_percent_Launched","Att_Passes","Thr_Passes","Launch_percent_Passes","AvgLen_Passes","Att_Goal","Launch_percent_Goal","AvgLen_Goal","Opp_Crosses","Stp_Crosses","Stp_percent_Crosses","OPA_Sweeper","OPA_Sweeper_per_90","AvgDist_Sweeper","Cmp_Total","Att_Total","Cmp_percent_Total","TotDist_Total","PrgDist_Total","Cmp_Short","Att_Short","Cmp_percent_Short","Cmp_Medium","Att_Medium","Cmp_percent_Medium","Cmp_Long","Att_Long","Cmp_percent_Long","Ast","xA","A_minus_xA","KP","Final_Third","PPA","CrsPA","Prog"
2022,"Alavés","La Liga","Antonio Sivera","ESP","GK","25-236",1996,"https://fbref.com/en/players/9970da54/Antonio-Sivera",2.1,3,2,187,2.1,3,1.44,9,7,77.8,0,1,1,1,50,1,1,0,0,0,3,1,0,1,0,2.1,0.13,-0.9,-0.44,22,56,39.3,44,4,77.3,54.6,28,78.6,58.2,31,6,19.4,1,0.48,11.2,38,72,52.8,1762,1374,3,3,100,10,10,100,25,59,42.4,0,0,0,0,2,0,0,0
2022,"Alavés","La Liga","Fernando Pacheco","ESP","GK","29-321",1992,"https://fbref.com/en/players/97852360/Fernando-Pacheco",26.9,27,27,2423,26.9,48,1.78,109,65,59.6,5,5,17,5,18.5,6,4,2,0,33.3,48,4,0,8,0,42.6,0.35,-5.4,-0.2,308,571,53.9,570,65,68.8,49.1,241,74.3,52.4,263,18,6.8,22,0.82,14.7,544,811,67.1,23716,18030,59,60,98.3,124,124,100,358,623,57.5,0,0.3,-0.3,2,27,2,0,0
2022,"Alavés","La Liga","Jesús Owono","EQG","GK","21-034",2001,"https://fbref.com/en/players/d6e3d7fb/Jesus-Owono",1,1,1,90,1,1,1,4,3,75,0,1,0,0,0,0,0,0,0,NA,1,0,0,0,0,0.7,0.16,-0.3,-0.35,9,21,42.9,20,2,90,60,3,100,75,4,0,0,2,2,15.7,11,23,47.8,557,454,0,0,NA,2,2,100,9,21,42.9,0,0,0,0,1,0,0,0
2022,"Angers","Ligue 1","Anthony Mandrea","FRA","GK","25-100",1996,"https://fbref.com/en/players/f7d3a773/Anthony-Mandrea",2,2,2,180,2,3,1.5,7,4,57.1,1,0,1,1,50,0,0,0,0,NA,3,0,0,0,0,2.2,0.31,-0.8,-0.42,13,30,43.3,25,6,56,45.7,18,88.9,64.4,22,1,4.5,0,0,11.2,25,43,58.1,1031,915,5,5,100,4,4,100,16,34,47.1,0,0,0,0,0,0,0,0
2022,"Angers","Ligue 1","Danijel Petkovic","MNE","GK","28-314",1993,"https://fbref.com/en/players/b98cea65/Danijel-Petkovic",15,15,15,1350,15,22,1.47,62,44,67.7,3,3,9,2,13.3,3,2,1,0,33.3,22,2,0,1,2,16.3,0.24,-3.7,-0.25,52,155,33.5,340,90,30.3,32.3,120,43.3,38.7,135,12,8.9,10,0.67,12.5,355,460,77.2,9544,4687,51,51,100,194,195,99.5,108,212,50.9,0,0,0,0,1,0,0,0
2022,"Angers","Ligue 1","Paul Bernardoni","FRA","GK","24-351",1997,"https://fbref.com/en/players/28dabd43/Paul-Bernardoni",13,13,13,1170,13,19,1.46,43,27,62.8,4,5,4,4,30.8,3,3,0,0,0,19,3,2,6,0,14.1,0.27,-4.9,-0.37,55,122,45.1,239,82,32.6,35.2,98,44.9,40.5,134,17,12.7,7,0.54,14.5,263,337,78,7909,4249,46,46,100,109,113,96.5,107,177,60.5,0,0,0,0,0,0,0,0
2022,"Arminia","Bundesliga","Stefan Ortega","GER","GK","29-149",1992,"https://fbref.com/en/players/c1242d4e/Stefan-Ortega",27,27,27,2430,27,39,1.44,127,94,74.8,4,11,12,6,22.2,7,7,0,0,0,39,7,0,5,0,44.5,0.3,5.5,0.2,391,820,47.7,1140,65,58.1,46,253,62.5,49.8,252,9,3.6,30,1.11,16.1,947,1393,68,36520,25120,65,66,98.5,365,367,99.5,517,959,53.9,0,0.2,-0.2,3,69,7,0,3
2022,"Arminia","Bundesliga","Stefanos Kapino","GRE","GK","28-017",1994,"https://fbref.com/en/players/62ba5881/Stefanos-Kapino",1,1,1,90,1,0,0,4,4,100,1,0,0,1,100,0,0,0,0,NA,0,0,0,0,0,1.5,0.37,1.5,1.48,8,19,42.1,21,2,52.4,41.1,10,80,51.2,22,0,0,1,1,14.8,20,31,64.5,738,455,0,0,NA,11,11,100,9,20,45,0,0,0,0,0,0,0,0
2022,"Arsenal","Premier League","Aaron Ramsdale","ENG","GK","23-325",1998,"https://fbref.com/en/players/466fb2c5/Aaron-Ramsdale",24,24,24,2160,24,22,0.92,89,66,78.7,16,3,5,12,50,3,3,0,0,0,22,3,0,0,0,20.7,0.2,-1.3,-0.06,140,400,35,703,117,42,38,139,75.5,59,187,19,10.2,19,0.79,15.3,568,842,67.5,16746,10292,131,133,98.5,246,250,98.4,190,457,41.6,0,0,0,0,23,0,0,0
2022,"Arsenal","Premier League","Bernd Leno","GER","GK","30-031",1992,"https://fbref.com/en/players/2628fd2b/Bernd-Leno",4,4,4,360,4,9,2.25,19,9,52.6,1,0,3,1,25,0,0,0,0,NA,9,0,0,1,0,7.3,0.39,-1.7,-0.41,16,53,30.2,74,12,37.8,37.1,37,67.6,49.8,48,2,4.2,1,0.25,12.9,72,111,64.9,2043,1251,20,20,100,24,24,100,26,65,40,0,0,0,0,1,0,0,0
2022,"Aston Villa","Premier League","Emiliano Martínez","ARG","GK","29-214",1992,"https://fbref.com/en/players/7956236f/Emiliano-Martinez",29,29,29,2610,29,39,1.34,108,73,66.7,11,3,15,9,31,5,3,1,1,25,39,3,2,5,2,31.4,0.26,-5.6,-0.19,163,395,41.3,667,114,43.6,37.9,228,45.6,39.8,228,12,5.3,23,0.79,14.4,653,895,73,19349,11054,128,129,99.2,291,291,100,231,471,49,0,0,0,0,11,0,0,0
2022,"Aston Villa","Premier League","Jed Steer","ENG","GK","29-193",1992,"https://fbref.com/en/players/a8a3d139/Jed-Steer",1,1,1,90,1,3,3,4,1,25,0,0,1,0,0,0,0,0,0,NA,3,0,0,0,0,1.8,0.45,-1.2,-1.2,5,13,38.5,30,6,30,34.4,6,66.7,53.8,8,1,12.5,1,1,14.3,27,36,75,759,560,2,2,100,16,16,100,9,18,50,0,0,0,0,0,0,0,0
2022,"Atalanta","Serie A","Francesco Rossi","ITA","GK","30-342",1991,"https://fbref.com/en/players/7b5f516f/Francesco-Rossi",0.4,1,0,37,0.4,1,2.43,2,1,50,0,0,0,0,NA,0,0,0,0,NA,1,0,0,0,0,1.2,0.59,0.2,0.46,2,7,28.6,12,0,41.7,42,4,50,54,3,0,0,0,0,14,11,16,68.8,313,209,2,2,100,7,7,100,2,7,28.6,0,0,0,0,0,0,0,0
2022,"Atalanta","Serie A","Juan Musso","ARG","GK","27-333",1994,"https://fbref.com/en/players/a111cf41/Juan-Musso",25.6,26,26,2302,25.6,30,1.17,87,58,66.7,14,6,6,8,30.8,2,1,0,1,0,30,1,0,2,1,25.4,0.29,-3.6,-0.14,129,305,42.3,564,118,32.4,34,169,72.2,52.6,168,13,7.7,20,0.78,15.4,537,733,73.3,16530,9678,81,83,97.6,228,231,98.7,226,416,54.3,0,0,0,0,3,0,0,0
2022,"Atalanta","Serie A","Marco Sportiello","ITA","GK","29-329",1992,"https://fbref.com/en/players/ac4003af/Marco-Sportiello",4,4,4,360,4,3,0.75,9,8,88.9,0,3,1,2,50,2,2,0,0,0,3,2,0,1,0,3.3,0.17,0.3,0.08,16,42,38.1,84,21,27.4,30.5,23,82.6,56.6,21,2,9.5,4,1,12.3,78,107,72.9,2225,1193,6,6,100,43,44,97.7,27,54,50,0,0,0,0,0,0,0,0
2022,"Athletic Club","La Liga","Julen Agirrezabala","ESP","GK","21-099",2000,"https://fbref.com/en/players/a2c1a8d3/Julen-Agirrezabala",4,4,4,360,4,5,1.25,20,15,75,1,2,1,1,25,0,0,0,0,NA,5,0,0,0,0,4.6,0.25,-0.4,-0.1,10,31,32.3,56,10,37.5,36.8,26,38.5,38.3,35,2,5.7,5,1.25,17.3,61,82,74.4,1695,1037,14,14,100,30,30,100,16,37,43.2,0,0,0,0,1,0,0,0
2022,"Athletic Club","La Liga","Unai Simón","ESP","GK","24-297",1997,"https://fbref.com/en/players/5dcf3e90/Unai-Simon",26,26,26,2340,26,24,0.92,80,55,73.8,10,9,7,9,34.6,3,3,0,0,0,24,3,0,2,1,22.6,0.26,-0.4,-0.01,132,296,44.6,525,141,41,36.6,177,45.8,41.7,269,17,6.3,19,0.73,15.5,527,702,75.1,15778,9914,86,86,100,258,261,98.9,181,352,51.4,0,0,0,1,11,0,0,0
2022,"Atlético Madrid","La Liga","Jan Oblak","SVN","GK","29-087",1993,"https://fbref.com/en/players/ee8508c0/Jan-Oblak",30,30,30,2700,30,37,1.23,72,41,55.6,17,6,7,9,30,6,5,1,0,16.7,37,5,1,3,2,26,0.29,-9,-0.3,152,490,31,638,114,54.9,43.7,206,68,51.2,238,17,7.1,12,0.4,13.7,495,844,58.6,16524,10576,73,74,98.6,193,196,98.5,226,571,39.6,0,0,0,0,9,1,0,0
2022,"Augsburg","Bundesliga","Rafal Gikiewicz","POL","GK","34-160",1987,"https://fbref.com/en/players/17376543/Rafal-Gikiewicz",27,27,27,2430,27,44,1.63,125,82,66.4,7,8,12,8,29.6,2,2,0,0,0,44,2,1,3,2,40.2,0.31,-1.8,-0.07,216,537,40.2,769,108,49.3,40.5,219,72.1,53.1,241,19,7.9,26,0.96,15.9,644,988,65.2,21960,14163,88,89,98.9,244,251,97.2,308,643,47.9,0,0.1,-0.1,2,18,0,0,0
2022,"Barcelona","La Liga","Marc-André ter Stegen","GER","GK","29-339",1992,"https://fbref.com/en/players/6f51e382/Marc-Andre-ter-Stegen",27,27,27,2430,27,26,0.96,83,57,68.7,15,8,4,9,33.3,0,0,0,0,NA,26,0,0,6,0,25.7,0.31,-0.3,-0.01,170,283,60.1,850,106,26,29.6,171,36.3,34.1,181,11,6.1,7,0.26,12.9,890,1021,87.2,23687,13586,165,167,98.8,447,454,98.5,270,392,68.9,0,0,0,0,7,0,0,2
2022,"Barcelona","La Liga","Neto","BRA","GK","32-259",1989,"https://fbref.com/en/players/a9dc785c/Neto",2,2,2,180,2,3,1.5,9,6,66.7,1,1,0,0,0,0,0,0,0,NA,3,0,1,1,0,3,0.33,0,-0.01,19,36,52.8,81,11,42,36.2,16,12.5,28.4,21,1,4.8,2,1,13.9,78,97,80.4,2314,1323,16,16,100,24,26,92.3,38,55,69.1,0,0,0,0,0,0,0,0
2022,"Bayern Munich","Bundesliga","Manuel Neuer","GER","GK","36-008",1986,"https://fbref.com/en/players/8778c910/Manuel-Neuer",23,23,23,2070,23,21,0.91,76,55,72.4,19,2,2,8,34.8,0,0,0,0,NA,21,0,0,1,0,19.8,0.26,-1.2,-0.05,135,234,57.7,878,134,24.6,30.4,132,13.6,27.3,170,11,6.5,38,1.65,20.4,886,1010,87.7,23943,13333,149,149,100,410,415,98.8,319,437,73,0,0,0,0,8,1,0,3
2022,"Bayern Munich","Bundesliga","Sven Ulreich","GER","GK","33-244",1988,"https://fbref.com/en/players/7d3e7da6/Sven-Ulreich",5,5,5,450,5,8,1.6,16,10,56.3,2,1,2,1,20,1,1,0,0,0,8,1,1,1,1,6.7,0.36,-0.3,-0.06,21,47,44.7,169,23,26,28,27,11.1,19.7,26,5,19.2,8,1.6,19.9,165,196,84.2,3670,2048,55,55,100,68,70,97.1,40,69,58,0,0,0,0,0,0,0,0
2022,"Betis","La Liga","Claudio Bravo","CHI","GK","38-356",1983,"https://fbref.com/en/players/10072610/Claudio-Bravo",13,13,13,1170,13,18,1.38,48,33,64.6,7,2,4,3,23.1,1,1,0,0,0,18,1,0,1,2,18,0.36,2,0.15,93,233,39.9,336,38,54.5,44.7,76,65.8,51.3,127,3,2.4,7,0.54,13.5,263,412,63.8,9259,6145,41,42,97.6,99,103,96.1,123,267,46.1,0,0.2,-0.2,1,7,1,0,0
2022,"Betis","La Liga","Rui Silva","POR","GK","28-056",1994,"https://fbref.com/en/players/ea83bfa6/Rui-Silva",17,17,17,1530,17,18,1.06,54,38,70.4,9,3,5,5,29.4,2,2,0,0,0,18,2,0,3,0,18.7,0.31,0.7,0.04,95,241,39.4,427,77,39.8,36.5,126,56.3,45.9,153,8,5.2,15,0.88,13.9,398,553,72,11759,6722,59,60,98.3,187,189,98.9,151,303,49.8,0,0,0,1,3,0,0,0
2022,"Bochum","Bundesliga","Manuel Riemann","GER","GK","33-207",1988,"https://fbref.com/en/players/9f941969/Manuel-Riemann",26,26,26,2340,26,36,1.38,124,91,71,8,5,13,6,23.1,2,0,2,0,100,36,0,1,5,4,41.8,0.33,9.8,0.38,471,979,48.1,1161,82,71.2,49.9,206,73.8,52.7,222,24,10.8,46,1.77,17.8,833,1367,60.9,35829,25936,56,56,100,188,194,96.9,589,1116,52.8,1,0.7,0.3,7,76,7,0,6
2022,"Bochum","Bundesliga","Michael Esser","GER","GK","34-133",1987,"https://fbref.com/en/players/83e0eeb4/Michael-Esser",2,2,2,180,2,4,2,8,5,62.5,2,0,0,0,0,1,1,0,0,0,4,1,0,1,0,3.5,0.32,-0.5,-0.24,15,56,26.8,64,6,57.8,42.7,26,73.1,48.6,23,0,0,0,0,9.1,47,90,52.2,1482,1005,6,6,100,25,25,100,16,59,27.1,0,0,0,0,1,0,0,0
2022,"Bologna","Serie A","Lukasz Skorupski","POL","GK","30-334",1991,"https://fbref.com/en/players/ab4449d6/Lukasz-Skorupski",29,29,29,2610,29,44,1.52,128,93,71.1,9,6,14,9,31,7,7,0,0,0,44,7,1,3,2,43.2,0.3,1.2,0.04,194,430,45.1,801,127,44.9,37.7,200,35,31.1,260,17,6.5,6,0.21,11.7,744,1001,74.3,21726,13056,140,141,99.3,251,255,98.4,305,556,54.9,0,0,0,0,3,0,0,0
2022,"Bordeaux","Ligue 1","Benoît Costil","FRA","GK","34-275",1987,"https://fbref.com/en/players/2434f24a/Benoit-Costil",22,22,22,1980,22,52,2.36,113,66,58.4,3,8,11,0,0,5,5,0,0,0,52,5,1,6,0,40.8,0.32,-11.2,-0.51,187,422,44.3,615,70,47.8,39.8,182,70.3,52,168,13,7.7,22,1,16.7,551,797,69.1,19026,11743,74,75,98.7,203,205,99,273,516,52.9,0,0,0,1,6,0,0,1
2022,"Bordeaux","Ligue 1","Gaëtan Poussin","FRA","GK","23-081",1999,"https://fbref.com/en/players/c252c705/Gaetan-Poussin",8,8,8,720,8,18,2.25,34,20,52.9,1,3,4,1,12.5,4,2,2,0,50,18,2,0,2,2,15.8,0.36,-0.2,-0.03,63,139,45.3,240,42,40,36.4,75,57.3,45.1,75,3,4,13,1.63,15.3,231,315,73.3,7025,4279,35,36,97.2,107,107,100,88,170,51.8,0,0,0,0,1,0,0,0
2022,"Brentford","Premier League","Álvaro Fernández","ESP","GK","23-356",1998,"https://fbref.com/en/players/f127d782/Alvaro-Fernandez",12,12,12,1080,12,24,2,67,46,65.7,3,2,7,1,8.3,1,1,0,0,0,24,1,0,5,2,24.7,0.36,2.7,0.23,82,247,33.2,417,56,48,38.6,83,56.6,41,123,7,5.7,10,0.83,14.3,322,500,64.4,9413,5300,64,66,97,147,150,98,110,283,38.9,0,0,0,0,10,0,0,1
2022,"Brentford","Premier League","David Raya","ESP","GK","26-201",1995,"https://fbref.com/en/players/98ea5115/David-Raya",17,17,17,1530,17,19,1.12,76,58,76.3,6,4,7,5,29.4,1,1,0,0,0,19,1,1,2,0,20.2,0.26,1.2,0.07,184,443,41.5,617,82,54.6,43.1,141,75.2,54.7,171,14,8.2,21,1.24,15.5,480,758,63.3,17000,11467,71,71,100,180,184,97.8,227,499,45.5,0,0,0,0,26,1,0,1
2022,"Brentford","Premier League","Jonas Lössl","DEN","GK","33-062",1989,"https://fbref.com/en/players/939bc634/Jonas-Lossl",2,2,2,180,2,5,2.5,7,2,28.6,0,0,2,0,0,0,0,0,0,NA,5,0,0,0,0,3.3,0.46,-1.7,-0.87,13,30,43.3,49,6,53.1,38.9,13,30.8,34.2,14,0,0,4,2,19.8,44,62,71,1361,781,7,7,100,17,17,100,19,37,51.4,0,0,0,0,2,0,0,1
2022,"Brest","Ligue 1","Marco Bizot","NED","GK","31-025",1991,"https://fbref.com/en/players/3d214e5f/Marco-Bizot",30,30,30,2700,30,44,1.47,129,89,68.2,10,8,12,5,16.7,3,3,0,0,0,44,3,0,7,2,35.1,0.26,-6.9,-0.23,246,520,47.3,672,148,48.2,40.7,260,75.4,55.8,243,20,8.2,15,0.5,14.5,645,932,69.2,23736,16222,64,64,100,264,266,99.2,316,601,52.6,1,0.3,0.7,3,9,0,0,0
2022,"Brighton","Premier League","Jason Steele","ENG","GK","31-229",1990,"https://fbref.com/en/players/28300a16/Jason-Steele",1,1,1,90,1,2,2,5,3,60,0,0,1,0,0,0,0,0,0,NA,2,0,0,1,0,1.2,0.25,-0.8,-0.77,3,7,42.9,32,2,12.5,26.2,6,50,43.8,11,1,9.1,0,0,13,34,38,89.5,824,323,8,8,100,19,19,100,7,11,63.6,0,0,0,0,0,0,0,0
2022,"Brighton","Premier League","Robert Sánchez","ESP","GK","24-137",1997,"https://fbref.com/en/players/6a713852/Robert-Sanchez",29,29,29,2609,29,34,1.17,114,82,72.8,7,13,9,8,27.6,4,3,0,1,0,34,3,0,4,0,35.8,0.29,1.8,0.06,155,473,32.8,1038,129,34,36.4,177,67.8,53.4,232,29,12.5,29,1,15,875,1215,72,24995,12744,142,143,99.3,450,461,97.6,283,608,46.5,0,0.4,-0.4,3,24,2,0,1
2022,"Burnley","Premier League","Nick Pope","ENG","GK","29-350",1992,"https://fbref.com/en/players/4b40d9ca/Nick-Pope",26,26,26,2340,26,34,1.31,111,76,70.3,3,12,11,7,26.9,1,1,0,0,0,34,1,1,6,0,34.6,0.32,0.6,0.02,233,610,38.2,563,90,75.3,53.6,200,93,64.9,252,23,9.1,40,1.54,18.1,371,763,48.6,17890,14916,19,21,90.5,75,78,96.2,276,661,41.8,0,0.2,-0.2,3,36,1,0,0
2022,"Burnley","Premier League","Wayne Hennessey","WAL","GK","35-070",1987,"https://fbref.com/en/players/76eca7e2/Wayne-Hennessey",2,2,2,180,2,6,3,13,7,53.8,0,0,2,0,0,0,0,0,0,NA,6,0,0,1,1,4.2,0.34,-0.8,-0.38,26,65,40,59,8,76.3,57.8,21,95.2,69.9,20,1,5,3,1.5,15.9,40,80,50,2119,1850,1,1,100,8,8,100,31,71,43.7,0,0.1,-0.1,3,5,0,0,0
2022,"Cádiz","La Liga","Jeremías Ledesma","ARG","GK","29-050",1993,"https://fbref.com/en/players/6c4776b1/Jeremias-Ledesma",30,30,30,2700,30,41,1.37,121,86,72.7,5,13,12,10,33.3,9,8,1,0,11.1,41,8,0,9,0,43,0.3,2,0.07,257,664,38.7,649,83,68.6,52.4,261,83.9,64.3,299,29,9.7,10,0.33,12.9,487,910,53.5,22009,16656,35,36,97.2,131,134,97.8,319,736,43.3,0,0,0,2,28,2,0,1
2022,"Cagliari","Serie A","Alessio Cragno","ITA","GK","27-280",1994,"https://fbref.com/en/players/f554e29b/Alessio-Cragno",28,28,28,2520,28,54,1.93,142,91,65.5,5,8,15,0,0,7,5,2,0,28.6,54,5,4,9,1,51.9,0.34,-1.1,-0.04,263,605,43.5,730,89,58.6,43.4,251,70.5,49.4,239,18,7.5,14,0.5,14.9,615,981,62.7,22712,16190,98,98,100,184,190,96.8,331,691,47.9,0,0,0,0,19,0,0,0
2022,"Cagliari","Serie A","Boris Radunovic","SRB","GK","25-313",1996,"https://fbref.com/en/players/0dfce079/Boris-Radunovic",3,3,3,270,3,5,1.67,15,11,73.3,0,2,1,1,33.3,2,1,1,0,50,5,1,1,0,0,5.9,0.31,0.9,0.3,26,69,37.7,75,11,61.3,45.1,28,82.1,54.2,29,1,3.4,1,0.33,11.9,58,103,56.3,2274,1581,7,7,100,17,17,100,34,79,43,0,0,0,0,1,0,0,0
2022,"Celta Vigo","La Liga","Matías Dituro","ARG","GK","34-331",1987,"https://fbref.com/en/players/b6160ad0/Matias-Dituro",30,30,30,2700,30,34,1.13,106,77,71.7,9,9,12,11,36.7,8,4,4,0,50,34,4,0,1,1,38.1,0.3,5.1,0.17,278,649,42.8,924,110,52.6,43.4,222,73.4,55.2,221,28,12.7,26,0.87,15.5,759,1146,66.2,27520,18463,64,67,95.5,293,300,97.7,400,776,51.5,0,0,0,0,14,1,0,2
2022,"Chelsea","Premier League","Edouard Mendy","SEN","GK","30-034",1992,"https://fbref.com/en/players/33887998/Edouard-Mendy",25,25,25,2250,25,21,0.84,73,57,78.1,15,7,3,11,44,5,5,0,0,0,21,5,0,1,1,21.4,0.23,1.4,0.05,84,200,42,572,93,26.6,29.5,134,35.8,31,194,18,9.3,15,0.6,13.8,570,706,80.7,13660,7607,168,170,98.8,246,252,97.6,143,270,53,0,0,0,0,1,0,0,0
2022,"Chelsea","Premier League","Kepa Arrizabalaga","ESP","GK","27-183",1994,"https://fbref.com/en/players/28d596a0/Kepa-Arrizabalaga",4,4,4,360,4,2,0.5,13,11,84.6,2,1,1,2,50,0,0,0,0,NA,2,0,0,1,0,3.3,0.26,1.3,0.34,16,39,41,118,28,28,30.8,21,28.6,30.2,31,1,3.2,5,1.25,16.2,115,139,82.7,2763,1294,28,28,100,59,59,100,27,51,52.9,0,0,0,0,1,0,0,0
2022,"Clermont Foot","Ligue 1","Arthur Desmas","FRA","GK","27-362",1994,"https://fbref.com/en/players/e8c5dd4d/Arthur-Desmas",13,13,13,1170,13,26,2,53,30,54.7,3,4,6,3,23.1,2,2,0,0,0,26,2,0,4,1,18.1,0.32,-6.9,-0.53,37,137,27,267,49,33.3,34.6,101,47.5,38.1,85,3,3.5,5,0.38,12.4,261,368,70.9,6417,3666,78,78,100,97,99,98,79,184,42.9,0,0,0,0,6,0,0,1
2022,"Clermont Foot","Ligue 1","Ouparine Djoco","SEN","GK","23-347",1998,"https://fbref.com/en/players/62124972/Ouparine-Djoco",17,17,17,1530,17,28,1.65,70,45,62.9,4,3,10,4,23.5,2,2,0,0,0,28,2,0,5,2,21.3,0.28,-4.7,-0.28,91,260,35,415,70,45.5,38.2,111,64,45,131,6,4.6,13,0.76,14.6,345,526,65.6,10040,6110,64,66,97,150,153,98,125,300,41.7,0,0,0,0,1,0,0,1
2022,"Crystal Palace","Premier League","Jack Butland","ENG","GK","29-025",1993,"https://fbref.com/en/players/cc70a1d5/Jack-Butland",5.5,6,5,495,5.5,9,1.64,16,9,43.8,1,3,1,0,0,1,0,1,0,100,9,0,1,1,2,6.9,0.38,-0.1,-0.02,21,73,28.8,144,23,36.1,33.1,44,47.7,40,57,3,5.3,2,0.36,12.1,134,188,71.3,3181,1546,40,40,100,66,68,97.1,28,80,35,0,0,0,0,1,0,0,0
2022,"Crystal Palace","Premier League","Vicente Guaita","ESP","GK","35-084",1987,"https://fbref.com/en/players/ab13a5aa/Vicente-Guaita",23.5,24,24,2115,23.5,29,1.23,94,68,72.3,6,10,8,8,33.3,3,3,0,0,0,29,3,1,9,0,26.2,0.25,-2.8,-0.12,128,270,47.4,581,127,34.3,32.6,157,45.2,36.7,185,14,7.6,12,0.51,14.3,590,738,79.9,15711,8077,153,153,100,245,246,99.6,182,329,55.3,0,0,0,0,2,0,0,0
2022,"Dortmund","Bundesliga","Gregor Kobel","SUI","GK","24-119",1997,"https://fbref.com/en/players/cd59b9df/Gregor-Kobel",26.5,27,27,2385,26.5,38,1.43,99,66,64.6,18,3,6,6,22.2,3,3,0,0,0,38,3,2,5,2,33.1,0.31,-2.9,-0.11,91,255,35.7,791,126,23.8,30.1,165,40.6,37.5,180,20,11.1,27,1.02,15.8,779,956,81.5,19173,9843,197,197,100,389,391,99.5,190,365,52.1,0,0,0,0,7,0,0,0
2022,"Dortmund","Bundesliga","Marwin Hitz","SUI","GK","34-198",1987,"https://fbref.com/en/players/2e7ff968/Marwin-Hitz",1.5,2,1,135,1.5,4,2.67,9,6,66.7,0,0,1,0,0,1,1,0,0,0,4,1,0,0,0,2.5,0.18,-1.5,-0.99,4,9,44.4,47,9,19.1,29.4,7,0,23.4,11,3,27.3,1,0.67,15.2,48,54,88.9,1242,633,11,11,100,18,19,94.7,19,24,79.2,0,0,0,0,0,0,0,0
2022,"Eint Frankfurt","Bundesliga","Diant Ramaj","GER","GK","20-197",2001,"https://fbref.com/en/players/b90c4a43/Diant-Ramaj",1,1,1,90,1,1,1,4,3,75,0,1,0,0,0,0,0,0,0,NA,1,0,0,0,0,0.9,0.22,-0.1,-0.14,5,17,29.4,36,6,38.9,35.7,4,75,49,20,3,15,2,2,17.4,28,40,70,725,432,9,9,100,13,13,100,6,18,33.3,0,0,0,0,1,0,0,0
2022,"Eint Frankfurt","Bundesliga","Kevin Trapp","GER","GK","31-270",1990,"https://fbref.com/en/players/ce17b5eb/Kevin-Trapp",27,27,27,2430,27,37,1.37,135,100,75.6,10,8,9,5,18.5,4,4,0,0,0,37,4,0,4,0,40.9,0.28,3.9,0.14,179,549,32.6,861,122,49.8,38.7,212,56.6,46.8,227,8,3.5,29,1.07,15.9,690,1073,64.3,20409,13200,163,163,100,269,274,98.2,253,631,40.1,0,0,0,0,9,0,0,0
2022,"Elche","La Liga","Édgar Badía","ESP","GK","30-051",1992,"https://fbref.com/en/players/e4346678/Edgar-Badia",18,18,18,1620,18,27,1.5,82,61,74.4,6,4,8,3,16.7,8,6,1,1,14.3,27,6,0,5,0,31.8,0.31,4.8,0.27,159,356,44.7,473,74,50.3,39.4,158,74.7,52.4,200,15,7.5,18,1,16.1,423,631,67,14781,10008,62,63,98.4,158,160,98.8,202,406,49.8,0,0,0,0,5,0,0,0
2022,"Elche","La Liga","Kiko Casilla","ESP","GK","35-184",1986,"https://fbref.com/en/players/58bc7d18/Kiko-Casilla",12,12,12,1080,12,15,1.25,54,39,72.2,2,4,6,3,25,0,0,0,0,NA,15,0,0,1,0,13.7,0.25,-1.3,-0.11,79,218,36.2,288,62,52.1,41.7,119,57.1,44.2,121,7,5.8,10,0.83,15.5,261,407,64.1,8450,5546,43,43,100,101,103,98.1,113,256,44.1,0,0.1,-0.1,2,2,0,0,0
2022,"Empoli","Serie A","Guglielmo Vicario","ITA","GK","25-179",1996,"https://fbref.com/en/players/77d6fd4d/Guglielmo-Vicario",31,31,31,2790,31,56,1.81,170,118,68.8,8,9,14,5,16.1,7,3,1,3,25,56,3,1,4,4,53.7,0.3,1.7,0.05,144,368,39.1,855,166,30.4,32,222,48.6,40.9,330,29,8.8,13,0.42,13,837,1077,77.7,22190,13994,182,183,99.5,409,412,99.3,238,474,50.2,0,0,0,1,5,0,0,0
2022,"Espanyol","La Liga","Diego López","ESP","GK","40-152",1981,"https://fbref.com/en/players/73683fa9/Diego-Lopez",27.3,28,28,2457,27.3,38,1.39,116,81,69,9,9,10,8,28.6,2,2,0,0,0,38,2,0,4,2,33.9,0.28,-2.1,-0.08,142,381,37.3,669,146,40.8,38,225,48,39.8,320,31,9.7,22,0.81,14.1,644,894,72,18579,10476,134,138,97.1,281,283,99.3,226,470,48.1,0,0,0,1,6,0,0,0
2022,"Espanyol","La Liga","Joan García","ESP","GK","20-335",2001,"https://fbref.com/en/players/87b498b0/Joan-Garcia",1.2,2,1,108,1.2,3,2.5,3,0,0,0,0,1,0,0,0,0,0,0,NA,3,0,0,0,0,1.2,0.39,-1.8,-1.53,4,12,33.3,31,9,32.3,31.4,2,100,71.5,11,2,18.2,2,1.67,18.6,25,33,75.8,604,366,8,8,100,9,9,100,8,16,50,0,0,0,0,2,0,0,1
2022,"Espanyol","La Liga","Oier Olazábal","ESP","GK","32-202",1989,"https://fbref.com/en/players/b5bdf144/Oier-Olazabal",0.5,1,0,45,0.5,0,0,3,3,100,0,0,0,1,NA,0,0,0,0,NA,0,0,0,0,0,0.7,0.22,0.7,1.34,1,13,7.7,11,1,72.7,50.6,5,100,63,10,0,0,0,0,9,4,16,25,137,98,0,0,NA,3,3,100,1,13,7.7,0,0,0,0,0,0,0,0
2022,"Everton","Premier League","Asmir Begovic","BIH","GK","34-288",1987,"https://fbref.com/en/players/7b4de647/Asmir-Begovic",2,2,2,180,2,3,1.5,9,7,66.7,1,0,1,1,50,0,0,0,0,NA,3,0,0,0,1,2.2,0.25,0.2,0.11,13,47,27.7,32,3,87.5,57.3,23,82.6,58.5,12,1,8.3,0,0,14.7,21,55,38.2,994,775,1,1,100,5,5,100,15,49,30.6,0,0,0,0,1,0,0,0
2022,"Everton","Premier League","Jordan Pickford","ENG","GK","28-028",1994,"https://fbref.com/en/players/4806ec67/Jordan-Pickford",26,26,26,2340,26,46,1.77,128,86,64.8,6,4,16,4,15.4,1,1,0,0,0,46,1,2,9,3,39.8,0.3,-3.2,-0.12,193,566,34.1,645,92,64.2,50,197,77.2,61.9,218,15,6.9,19,0.73,15,459,842,54.5,18050,12664,56,56,100,159,162,98.1,242,622,38.9,0,0.1,-0.1,3,28,0,0,0
2022,"Fiorentina","Serie A","Bartlomiej Dragowski","POL","GK","24-228",1997,"https://fbref.com/en/players/085e71a7/Bartlomiej-Dragowski",6.2,7,7,556,6.2,8,1.29,23,16,69.6,3,0,4,2,28.6,2,1,1,0,50,8,1,0,1,0,8.3,0.28,0.3,0.05,53,119,44.5,305,23,33.1,33.9,39,46.2,43.6,31,5,16.1,13,2.1,17.7,271,344,78.8,7848,3865,40,40,100,114,117,97.4,115,185,62.2,0,0,0,0,4,0,0,0
2022,"Fiorentina","Serie A","Pietro Terracciano","ITA","GK","32-027",1990,"https://fbref.com/en/players/e1b0a70d/Pietro-Terracciano",23.8,24,23,2142,23.8,30,1.26,71,45,60.6,12,5,6,6,26.1,3,2,1,0,33.3,30,2,0,2,2,26,0.34,-2,-0.08,227,417,54.4,1015,100,36.1,34.9,123,41.5,36.6,149,14,9.4,25,1.05,16.4,928,1138,81.5,28353,14713,125,126,99.2,391,395,99,410,612,67,0,0,0,1,12,0,0,1
2022,"Freiburg","Bundesliga","Benjamin Uphoff","GER","GK","28-239",1993,"https://fbref.com/en/players/a9a6fc08/Benjamin-Uphoff",2,2,2,180,2,7,3.5,12,5,41.7,0,1,1,0,0,0,0,0,0,NA,7,0,0,2,0,2.9,0.24,-4.1,-2.05,26,53,49.1,70,14,47.1,38.2,20,100,65.1,14,1,7.1,2,1,13.1,63,90,70,2345,1763,4,4,100,29,29,100,30,57,52.6,0,0,0,0,5,0,0,1
2022,"Freiburg","Bundesliga","Mark Flekken","NED","GK","28-295",1993,"https://fbref.com/en/players/a92ab7be/Mark-Flekken",26,26,26,2340,26,26,1,113,89,77.9,12,8,6,9,34.6,1,1,0,0,0,26,1,1,3,1,30.2,0.27,5.2,0.2,236,571,41.3,878,98,47.3,42.6,201,77.6,63.5,236,15,6.4,21,0.81,15.4,731,1079,67.7,26145,17995,86,87,98.9,288,290,99.3,355,700,50.7,0,0.1,-0.1,2,39,2,0,2
2022,"Genoa","Serie A","Salvatore Sirigu","ITA","GK","35-082",1987,"https://fbref.com/en/players/10dc46f0/Salvatore-Sirigu",30,30,30,2700,30,47,1.57,140,97,68.6,2,16,12,9,30,4,3,1,0,25,47,3,3,7,2,40.7,0.28,-4.3,-0.14,239,546,43.8,810,86,50.1,39.7,216,64.8,45.5,262,13,5,9,0.3,13,686,1026,66.9,22755,14606,111,112,99.1,239,243,98.4,331,664,49.8,0,0,0,0,7,0,0,0
2022,"Getafe","La Liga","David Soria","ESP","GK","29-000",1993,"https://fbref.com/en/players/8f8c6934/David-Soria",29.9,30,30,2694,29.9,33,1.1,98,65,68.4,7,11,12,10,33.3,4,2,1,1,33.3,33,2,0,5,1,31.3,0.29,-0.7,-0.02,302,713,42.4,698,70,74.9,52.3,223,85.2,58.2,274,32,11.7,25,0.84,14.6,495,921,53.7,22743,17448,30,30,100,107,109,98.2,356,778,45.8,0,0,0,0,20,0,0,0
2022,"Getafe","La Liga","Diego Conde","ESP","GK","23-158",1998,"https://fbref.com/en/players/4eae5bc4/Diego-Conde",0.1,1,0,6,0.1,0,0,0,0,NA,0,0,0,1,NA,0,0,0,0,NA,0,0,0,0,0,0,NA,0,0,0,6,0,4,0,100,65.3,2,100,68.5,2,0,0,0,0,NA,0,6,0,0,0,0,0,NA,0,0,NA,0,6,0,0,0,0,0,0,0,0,0
2022,"Granada","La Liga","Aarón Escandell","ESP","GK","26-189",1995,"https://fbref.com/en/players/67669ce7/Aaron-Escandell",3.2,4,3,284,3.2,6,1.9,14,10,71.4,0,2,1,1,33.3,2,2,0,0,0,6,2,0,0,0,4.2,0.19,-1.8,-0.58,39,89,43.8,88,13,68.2,48.1,37,78.4,54.3,26,2,7.7,7,2.22,14.5,72,125,57.6,2924,2207,13,13,100,14,16,87.5,44,95,46.3,0,0,0,0,3,0,0,0
2022,"Granada","La Liga","Luís Maximiano","POR","GK","23-089",1999,"https://fbref.com/en/players/3318286e/Luis-Maximiano",25.8,26,26,2326,25.8,41,1.59,130,93,71.5,6,9,11,4,15.4,6,4,2,0,33.3,41,4,0,8,2,45.4,0.31,5.4,0.2,191,560,34.1,667,129,57,44.8,253,71.1,52,302,22,7.3,32,1.19,16,538,920,58.5,18718,12868,68,68,100,218,219,99.5,250,631,39.6,0,0,0,0,19,0,0,0
2022,"Greuther Fürth","Bundesliga","Andreas Linde","SWE","GK","28-254",1993,"https://fbref.com/en/players/4d6a842d/Andreas-Linde",7,7,7,630,7,14,2,41,26,65.9,1,3,3,2,28.6,0,0,0,0,NA,14,0,0,4,1,12.3,0.31,-0.7,-0.1,48,142,33.8,217,35,47,39.9,65,61.5,47.7,103,7,6.8,2,0.29,13.2,177,282,62.8,5422,3471,32,33,97,75,78,96.2,69,170,40.6,0,0,0,0,4,0,0,0
2022,"Greuther Fürth","Bundesliga","Marius Funk","GER","GK","26-093",1996,"https://fbref.com/en/players/86314793/Marius-Funk",8,8,8,720,8,30,3.75,52,26,46.2,0,0,8,0,0,2,2,0,0,0,30,2,0,4,2,24.4,0.44,-3.6,-0.46,70,193,36.3,293,28,49.5,42.1,69,69.6,53.8,51,3,5.9,12,1.5,17,226,362,62.4,7790,4697,34,34,100,89,92,96.7,102,233,43.8,0,0.1,-0.1,3,10,0,0,0
2022,"Greuther Fürth","Bundesliga","Sascha Burchert","GER","GK","32-156",1989,"https://fbref.com/en/players/25bdea4b/Sascha-Burchert",13,13,13,1170,13,26,2,67,43,64.2,2,4,7,3,23.1,2,2,0,0,0,26,2,1,4,2,21.3,0.31,-2.7,-0.21,121,316,38.3,395,42,57,45.4,111,82,57.3,134,7,5.2,17,1.31,16.3,307,506,60.7,11531,7736,27,27,100,113,114,99.1,167,365,45.8,0,0.1,-0.1,1,10,0,0,1
2022,"Hellas Verona","Serie A","Ivor Pandur","CRO","GK","22-010",2000,"https://fbref.com/en/players/457cb02f/Ivor-Pandur",3,3,3,270,3,6,2,14,9,64.3,1,0,2,0,0,1,1,0,0,0,6,1,1,1,0,5.1,0.29,-0.9,-0.31,14,26,53.8,53,10,37.7,36.8,15,40,34.2,9,1,11.1,0,0,12.3,52,68,76.5,1624,1095,9,9,100,21,22,95.5,21,36,58.3,0,0,0,0,0,0,0,0
2022,"Hellas Verona","Serie A","Lorenzo Montipò","ITA","GK","26-043",1996,"https://fbref.com/en/players/c1d95617/Lorenzo-Montipo",27,27,27,2430,27,41,1.52,102,63,61.8,10,9,8,3,11.1,2,2,0,0,0,41,2,0,6,2,33.7,0.31,-5.3,-0.2,177,493,35.9,583,97,63.5,46.5,180,68.3,48.3,232,12,5.2,11,0.41,13.6,431,763,56.5,15947,10646,54,54,100,134,139,96.4,238,565,42.1,0,0,0,0,10,0,0,0
2022,"Hertha BSC","Bundesliga","Alexander Schwolow","GER","GK","29-306",1992,"https://fbref.com/en/players/0d55d942/Alexander-Schwolow",24.2,25,25,2175,24.2,51,2.11,120,73,61.7,7,5,13,4,16,5,5,0,0,0,51,5,1,7,0,48,0.37,-3,-0.13,164,386,42.5,629,129,39.4,36.2,204,67.6,50.8,258,12,4.7,14,0.58,13.3,595,833,71.4,18887,10944,85,85,100,248,251,98.8,261,496,52.6,0,0,0,1,6,0,0,0
2022,"Hertha BSC","Bundesliga","Marcel Lotka","POL","GK","20-314",2001,"https://fbref.com/en/players/5584552e/Marcel-Lotka",3.8,4,3,345,3.8,11,2.87,19,10,52.6,0,0,3,0,0,2,2,0,0,0,11,2,0,2,0,9.8,0.42,-1.2,-0.32,28,66,42.4,104,19,46.2,39.2,27,66.7,50,36,4,11.1,4,1.04,14.9,92,131,70.2,3047,2057,12,13,92.3,39,39,100,41,79,51.9,0,0,0,0,1,0,0,0
2022,"Hoffenheim","Bundesliga","Oliver Baumann","GER","GK","31-306",1990,"https://fbref.com/en/players/47064058/Oliver-Baumann",27,27,27,2430,27,39,1.44,120,83,68.3,12,5,10,7,25.9,3,1,1,1,50,39,1,0,8,1,40.4,0.33,2.4,0.09,141,381,37,1095,150,30.3,32.3,172,28.5,30.4,229,20,8.7,35,1.3,15.6,1005,1267,79.3,25085,13504,273,276,98.9,448,453,98.9,266,519,51.3,0,0,0,0,16,0,0,0
2022,"Hoffenheim","Bundesliga","Philipp Pentke","GER","GK","36-338",1985,"https://fbref.com/en/players/c41f7379/Philipp-Pentke",1,1,1,90,1,3,3,7,4,57.1,1,0,0,0,0,0,0,0,0,NA,3,0,0,0,0,2.3,0.33,-0.7,-0.71,4,11,36.4,33,5,30.3,29.5,7,14.3,27.4,8,0,0,1,1,13.6,32,40,80,702,377,12,12,100,14,14,100,6,14,42.9,0,0,0,0,0,0,0,0
2022,"Inter","Serie A","Samir Handanovic","SVN","GK","37-264",1984,"https://fbref.com/en/players/74419746/Samir-Handanovic",30,30,30,2700,30,24,0.8,102,82,80.4,18,9,3,13,43.3,4,4,0,0,0,24,4,0,3,1,24.4,0.22,1.4,0.05,158,284,55.6,850,122,29.5,29.9,117,28.2,29.8,198,9,4.5,2,0.07,11.9,833,967,86.1,21606,12549,203,204,99.5,378,380,99.5,245,376,65.2,0,0,0,0,11,0,0,0
2022,"Juventus","Serie A","Mattia Perin","ITA","GK","29-145",1992,"https://fbref.com/en/players/4c62d0c8/Mattia-Perin",3,3,3,270,3,4,1.33,8,4,50,2,0,1,1,33.3,0,0,0,0,NA,4,0,0,1,0,4.1,0.52,0.1,0.04,10,25,40,64,8,34.4,36.7,21,14.3,23.2,25,2,8,0,0,10.1,69,85,81.2,1821,782,17,17,100,30,31,96.8,22,37,59.5,0,0,0,0,1,0,0,0
2022,"Juventus","Serie A","Wojciech Szczesny","POL","GK","31-351",1990,"https://fbref.com/en/players/01b8a2b2/Wojciech-Szczesny",28,28,28,2520,28,23,0.82,82,61,74.4,15,8,5,12,42.9,5,2,3,0,60,23,2,2,5,0,23.7,0.26,1.7,0.06,150,291,51.5,681,117,34.2,34.4,147,39.5,34.9,268,20,7.5,11,0.41,12.8,673,828,81.3,19816,10487,91,92,98.9,307,310,99,271,420,64.5,0,0.1,-0.1,2,1,0,0,0
2022,"Köln","Bundesliga","Marvin Schwäbe","GER","GK","26-344",1995,"https://fbref.com/en/players/87436846/Marvin-Schwabe",15,15,15,1350,15,20,1.33,64,44,68.8,6,4,5,3,20,0,0,0,0,NA,20,0,2,1,0,18.4,0.29,-1.6,-0.1,109,205,53.2,601,57,27.8,31.2,103,36.9,35.7,110,7,6.4,5,0.33,13.5,600,704,85.2,16446,8983,119,119,100,294,297,99,187,287,65.2,0,0,0,0,9,1,0,0
2022,"Köln","Bundesliga","Timo Horn","GER","GK","28-327",1993,"https://fbref.com/en/players/3cd9e95a/Timo-Horn",13,13,13,1170,13,21,1.62,55,35,61.8,4,6,3,1,7.7,0,0,0,0,NA,21,0,0,4,1,18.3,0.34,-1.7,-0.13,90,185,48.6,437,47,35.2,35.6,83,37.3,37.4,90,3,3.3,12,0.92,15.9,419,520,80.6,12676,7330,59,59,100,197,199,99,161,260,61.9,0,0,0,0,4,0,0,0
2022,"Lazio","Serie A","Pepe Reina","ESP","GK","39-216",1982,"https://fbref.com/en/players/e358587b/Pepe-Reina",15,15,15,1350,15,29,1.93,56,30,55.4,6,4,5,2,13.3,5,4,0,1,0,29,4,0,2,0,24.2,0.37,-4.8,-0.32,99,182,54.4,426,70,35,33.2,99,33.3,32.1,120,6,5,10,0.67,13.9,428,525,81.5,11885,7629,100,100,100,161,163,98.8,161,256,62.9,1,0.3,0.7,1,3,0,0,0
2022,"Lazio","Serie A","Thomas Strakosha","ALB","GK","27-016",1995,"https://fbref.com/en/players/339fe0e8/Thomas-Strakosha",16,16,16,1440,16,17,1.06,57,39,71.9,9,3,4,6,37.5,1,1,0,0,0,17,1,1,3,0,17,0.28,0,0,79,140,56.4,393,67,31,30.9,87,20.7,23.3,130,6,4.6,6,0.38,15.3,404,480,84.2,10456,5794,109,109,100,130,134,97,153,224,68.3,0,0,0,0,2,1,0,1
2022,"Leeds United","Premier League","Illan Meslier","FRA","GK","22-033",2000,"https://fbref.com/en/players/6b625ac2/Illan-Meslier",30.6,31,31,2754,30.6,68,2.22,178,113,64.6,7,9,15,3,9.7,5,5,0,0,0,68,5,3,10,1,58.7,0.31,-8.3,-0.27,125,379,33,898,213,32.7,31.8,223,38.1,35.9,183,16,8.7,30,0.98,14.8,849,1121,75.7,20856,9860,189,190,99.5,438,443,98.9,216,481,44.9,0,0,0,0,0,0,0,0
2022,"Leeds United","Premier League","Kristoffer Klaesson","NOR","GK","21-128",2000,"https://fbref.com/en/players/3f70db80/Kristoffer-Klaesson",0.4,1,0,36,0.4,0,0,4,4,100,0,0,0,0,NA,0,0,0,0,NA,0,0,0,0,0,0.3,0.07,0.3,0.67,2,4,50,8,2,37.5,34.4,3,33.3,31,4,1,25,0,0,25,9,11,81.8,250,164,2,2,100,3,3,100,4,6,66.7,0,0,0,0,0,0,0,0
2022,"Leicester City","Premier League","Kasper Schmeichel","DEN","GK","35-150",1986,"https://fbref.com/en/players/53af52f3/Kasper-Schmeichel",28,28,28,2520,28,47,1.68,138,98,70.3,10,7,11,5,17.9,8,6,1,1,14.3,47,6,1,12,1,45.4,0.29,-0.6,-0.02,202,483,41.8,760,115,47.6,39.8,232,52.2,44.2,234,15,6.4,14,0.5,12.7,699,992,70.5,22318,12354,78,79,98.7,318,320,99.4,301,591,50.9,0,0,0,1,7,1,0,1
2022,"Lens","Ligue 1","Jean-Louis Leca","FRA","GK","36-195",1985,"https://fbref.com/en/players/edbe46dc/Jean-Louis-Leca",23.5,24,24,2115,23.5,31,1.32,80,52,65,9,6,9,4,16.7,4,3,1,0,25,31,3,1,2,0,27.5,0.32,-3.5,-0.15,105,245,42.9,493,120,36.7,34.2,171,37.4,34.5,183,22,12,13,0.55,13.7,509,664,76.7,13470,8820,145,145,100,192,195,98.5,158,309,51.1,0,0,0,0,5,0,0,0
2022,"Lens","Ligue 1","Wuilker Faríñez","VEN","GK","24-048",1998,"https://fbref.com/en/players/2c127b6f/Wuilker-Farinez",6.5,7,6,585,6.5,9,1.38,22,14,63.6,3,2,1,2,33.3,1,1,0,0,0,9,1,0,0,0,7,0.28,-2,-0.31,11,48,22.9,118,29,32.2,30.7,41,24.4,27.4,44,0,0,8,1.23,15.9,121,159,76.1,2506,1607,39,39,100,50,50,100,23,61,37.7,0,0,0,0,1,0,0,0
2022,"Levante","La Liga","Aitor Fernández","ESP","GK","30-336",1991,"https://fbref.com/en/players/a01c3d54/Aitor-Fernandez",13,13,13,1166,13,29,2.24,79,51,64.6,1,5,7,2,15.4,2,1,1,0,50,29,1,0,8,0,24.9,0.29,-4.1,-0.32,73,174,42,290,62,46.2,40.2,91,44,36.4,111,5,4.5,11,0.85,16.3,267,381,70.1,8055,5471,40,40,100,113,116,97.4,105,216,48.6,0,0,0,0,2,1,0,1
2022,"Levante","La Liga","Cárdenas","ESP","GK","25-007",1997,"https://fbref.com/en/players/e1846dde/Cardenas",17,17,17,1530,17,29,1.71,70,43,62.9,3,5,9,5,29.4,3,3,0,0,0,29,3,1,3,0,24.3,0.31,-4.7,-0.28,87,236,36.9,389,68,44.7,39.2,140,44.3,38.7,163,10,6.1,11,0.65,14,368,529,69.6,10358,6250,82,82,100,145,147,98.6,128,287,44.6,0,0,0,1,8,0,0,0
2022,"Levante","La Liga","Rúben Vezo","POR","DF","27-344",1994,"https://fbref.com/en/players/c67cd65c/Ruben-Vezo",21.3,1,1,4,21.3,0,0,0,0,NA,0,1,0,0,0,0,0,0,0,NA,0,0,0,0,0,0,NA,0,0,2,4,50,3,0,100,61.7,1,100,64,2,0,0,0,0,NA,859,1035,83,20116,6669,184,220,83.6,474,507,93.5,193,285,67.7,0,0.2,-0.2,3,57,3,0,69
2022,"Leverkusen","Bundesliga","Lennart Grill","GER","GK","23-069",1999,"https://fbref.com/en/players/37998008/Lennart-Grill",1,1,1,90,1,2,2,6,5,66.7,1,0,0,0,0,0,0,0,0,NA,2,0,0,0,1,1.1,0.19,0.1,0.15,4,17,23.5,36,6,30.6,32.1,9,66.7,47.9,8,0,0,0,0,7.9,31,45,68.9,773,416,9,9,100,14,14,100,8,22,36.4,0,0,0,0,0,0,0,0
2022,"Leverkusen","Bundesliga","Lukáš Hrádecký","FIN","GK","32-131",1989,"https://fbref.com/en/players/ad3389d5/Lukas-Hradecky",27,27,27,2430,27,40,1.48,138,99,72.5,14,6,7,6,22.2,4,2,1,1,33.3,40,2,2,7,0,40.2,0.28,0.2,0.01,164,405,40.5,880,140,35.9,34.5,189,47.1,40.3,210,13,6.2,24,0.89,15.6,810,1069,75.8,22688,13516,147,149,98.7,372,376,98.9,287,540,53.1,0,0,0,1,8,0,0,0
2022,"Lille","Ligue 1","Ivo Grbic","CRO","GK","26-076",1996,"https://fbref.com/en/players/3f034750/Ivo-Grbic",21,21,21,1890,21,28,1.33,88,63,70.5,8,7,6,2,9.5,2,2,0,0,0,28,2,1,6,1,27.2,0.29,0.2,0.01,110,287,38.3,419,85,44.6,38.7,164,61,46.2,203,21,10.3,13,0.62,14.6,393,583,67.4,12097,7803,89,89,100,134,135,99.3,165,354,46.6,0,0,0,0,3,0,0,0
2022,"Lille","Ligue 1","Leonardo César Jardim","BRA","GK","27-015",1995,"https://fbref.com/en/players/f5dfc256/Leonardo-Cesar-Jardim",9,9,9,810,9,7,0.78,31,24,80.6,4,4,1,7,77.8,2,1,1,0,50,7,1,0,2,0,6.6,0.2,-0.4,-0.04,37,111,33.3,168,41,43.5,36.3,69,55.1,45.4,74,5,6.8,7,0.78,15.9,162,237,68.4,4661,3088,37,37,100,63,63,100,60,135,44.4,0,0,0,0,1,0,0,0
2022,"Liverpool","Premier League","Alisson","BRA","GK","29-184",1992,"https://fbref.com/en/players/7a2e46a8/Alisson",28,28,28,2520,28,18,0.64,75,57,76,21,5,2,17,60.7,0,0,0,0,NA,18,0,0,2,1,21.6,0.29,4.6,0.16,130,251,51.8,911,151,21.4,29.8,131,42.7,38.7,177,17,9.6,41,1.46,17.5,903,1042,86.7,23983,13355,141,143,98.6,513,519,98.8,246,377,65.3,1,0.4,0.6,2,12,0,0,0
2022,"Liverpool","Premier League","Caoimhín Kelleher","IRL","GK","23-132",1998,"https://fbref.com/en/players/62d7ef38/Caoimhin-Kelleher",2,2,2,180,2,2,1,8,5,75,1,1,0,1,50,0,0,0,0,NA,2,0,0,0,0,2.6,0.32,0.6,0.28,8,16,50,77,12,18.2,26.3,13,15.4,26.3,11,0,0,3,1.5,16.4,81,90,90,1869,742,17,17,100,50,50,100,14,23,60.9,0,0,0,0,0,0,0,0
2022,"Lorient","Ligue 1","Matthieu Dreyer","FRA","GK","33-015",1989,"https://fbref.com/en/players/fbf83734/Matthieu-Dreyer",8,8,8,720,8,10,1.25,28,18,64.3,3,2,3,5,62.5,0,0,0,0,NA,10,0,0,0,0,8.3,0.3,-1.7,-0.21,50,131,38.2,172,19,45.3,39.3,68,77.9,52.5,70,0,0,1,0.13,12.7,155,240,64.6,5306,3323,16,16,100,69,70,98.6,70,153,45.8,0,0,0,0,0,0,0,0
2022,"Lorient","Ligue 1","Paul Nardi","FRA","GK","27-321",1994,"https://fbref.com/en/players/2d70dbe5/Paul-Nardi",22,22,22,1980,22,38,1.73,88,56,61.4,3,8,11,4,18.2,5,4,0,1,0,38,4,4,3,2,31.6,0.32,-4.4,-0.2,81,317,25.6,361,75,51,43.3,176,75.6,58.9,209,6,2.9,7,0.32,13.1,296,537,55.1,9649,6215,55,56,98.2,117,120,97.5,123,360,34.2,0,0,0,0,11,1,0,0
2022,"Lyon","Ligue 1","Anthony Lopes","POR","GK","31-185",1990,"https://fbref.com/en/players/f00de885/Anthony-Lopes",28.8,29,29,2593,28.8,38,1.32,127,94,72.4,11,10,8,7,24.1,3,3,0,0,0,38,3,1,6,3,36.2,0.27,1.2,0.04,133,273,48.7,793,127,27.2,31.2,185,30.8,33.1,213,10,4.7,21,0.73,15.4,827,978,84.6,22457,13033,139,140,99.3,409,410,99.8,278,426,65.3,0,0,0,0,3,0,0,0
2022,"Lyon","Ligue 1","Julian Pollersbeck","GER","GK","27-231",1994,"https://fbref.com/en/players/d6f6ce93/Julian-Pollersbeck",1.2,2,1,105,1.2,1,0.86,6,6,100,1,0,0,1,100,1,1,0,0,0,1,1,0,0,0,1.4,0.07,0.4,0.3,5,11,45.5,28,7,35.7,35.1,6,16.7,24.8,6,0,0,0,0,13,28,34,82.4,709,460,10,10,100,11,11,100,7,13,53.8,0,0,0,0,1,0,0,0
2022,"M'Gladbach","Bundesliga","Yann Sommer","SUI","GK","33-108",1988,"https://fbref.com/en/players/420c18a1/Yann-Sommer",28,28,28,2520,28,52,1.86,154,104,67.5,9,7,12,4,14.3,4,2,2,0,50,52,2,1,5,1,56.1,0.34,5.1,0.18,192,467,41.1,1038,128,37,34.8,173,48,40.8,194,13,6.7,31,1.11,15.4,916,1211,75.6,25996,14706,171,173,98.8,404,406,99.5,337,626,53.8,1,0.3,0.7,1,13,1,0,1
2022,"Mainz 05","Bundesliga","Robin Zentner","GER","GK","27-158",1994,"https://fbref.com/en/players/5c4bf6ba/Robin-Zentner",27,27,27,2430,27,31,1.15,96,68,69.8,11,5,11,9,33.3,3,2,1,0,33.3,31,2,0,1,1,29.9,0.29,-0.1,0,121,350,34.6,629,147,40.1,37.6,201,48.8,43.1,211,20,9.5,35,1.3,16.7,581,830,70,16472,9341,133,135,98.5,240,241,99.6,199,444,44.8,0,0,0,0,20,1,0,0
2022,"Mallorca","La Liga","Dominik Greif","SVK","GK","24-363",1997,"https://fbref.com/en/players/30061f53/Dominik-Greif",1,1,1,90,1,3,3,6,3,50,0,0,1,0,0,0,0,0,0,NA,3,0,1,0,0,1.1,0.19,-1.9,-1.87,2,13,15.4,21,6,42.9,37.8,10,40,37.4,8,0,0,1,1,13,20,31,64.5,489,206,8,8,100,5,5,100,7,18,38.9,0,0,0,0,0,0,0,0
2022,"Mallorca","La Liga","Leonardo Román","ESP","GK","21-272",2000,"https://fbref.com/en/players/924ff27e/Leonardo-Roman",2,2,2,180,2,5,2.5,13,10,69.2,0,0,2,0,0,1,1,0,0,0,5,1,0,0,1,3.1,0.19,-0.9,-0.43,12,32,37.5,53,6,47.2,39.7,16,43.8,38.7,21,2,9.5,3,1.5,17,49,69,71,1460,824,10,10,100,19,19,100,20,40,50,0,0,0,0,1,0,0,0
2022,"Mallorca","La Liga","Manolo Reina","ESP","GK","37-003",1985,"https://fbref.com/en/players/605eb473/Manolo-Reina",18,18,18,1620,18,25,1.39,64,40,64.1,4,8,6,6,33.3,3,2,1,0,33.3,25,2,0,1,1,21.6,0.3,-2.4,-0.13,107,299,35.8,393,66,54.2,44.2,152,56.6,43.5,161,10,6.2,11,0.61,15,350,545,64.2,11306,7571,70,70,100,133,133,100,139,334,41.6,0,0.3,-0.3,1,6,0,0,0
2022,"Mallorca","La Liga","Sergio Rico","ESP","GK","28-215",1993,"https://fbref.com/en/players/5f0241b2/Sergio-Rico",9,9,9,810,9,17,1.89,33,19,57.6,2,0,7,0,0,4,3,1,0,25,17,3,0,3,0,13.9,0.33,-3.1,-0.35,61,128,47.7,174,32,51.1,42.4,58,67.2,51.2,71,3,4.2,3,0.33,12.3,162,232,69.8,5950,4201,25,25,100,51,53,96.2,84,152,55.3,0,0,0,0,1,0,0,0
2022,"Manchester City","Premier League","Ederson","BRA","GK","28-230",1993,"https://fbref.com/en/players/3bb7b8b4/Ederson",29,29,29,2610,29,18,0.62,65,46,73.8,22,4,3,17,58.6,1,1,0,0,0,18,1,0,1,0,16.5,0.24,-1.5,-0.05,115,205,56.1,755,120,23.6,30,112,24.1,31.2,140,13,9.3,26,0.9,16.6,772,867,89,19950,11202,156,156,100,394,394,100,219,313,70,0,0.1,-0.1,1,9,1,0,1
2022,"Manchester City","Premier League","Zack Steffen","USA","GK","27-002",1995,"https://fbref.com/en/players/42130443/Zack-Steffen",1,1,1,90,1,0,0,2,2,100,1,0,0,1,100,0,0,0,0,NA,0,0,0,0,0,0.3,0.16,0.3,0.31,4,9,44.4,31,6,22.6,26,7,28.6,25.3,7,0,0,2,2,17.5,33,38,86.8,638,313,18,18,100,10,10,100,5,10,50,0,0,0,0,0,0,0,0
2022,"Manchester Utd","Premier League","David de Gea","ESP","GK","31-148",1990,"https://fbref.com/en/players/7ba6d84e/David-de-Gea",30,30,30,2700,30,41,1.37,141,103,72.3,14,9,7,7,23.3,5,2,3,0,60,41,2,0,6,3,48.5,0.33,10.5,0.35,113,309,36.6,480,92,38.1,35.9,243,51.9,42.6,236,7,3,6,0.2,13.6,505,723,69.8,14697,8600,82,83,98.8,233,240,97.1,186,394,47.2,0,0,0,0,1,0,0,0
2022,"Marseille","Ligue 1","Pau López","ESP","GK","27-112",1994,"https://fbref.com/en/players/20b9f052/Pau-Lopez",26,26,26,2340,26,22,0.85,72,50,73.6,14,6,6,10,38.5,3,3,0,0,0,22,3,0,4,0,26.5,0.34,2.5,0.1,137,306,44.8,1047,127,23.6,29.4,146,40.4,37.5,161,24,14.9,26,1,16.5,1006,1193,84.3,25668,12790,174,175,99.4,554,559,99.1,272,452,60.2,1,0.6,0.4,1,12,0,0,2
2022,"Marseille","Ligue 1","Steve Mandanda","FRA","GK","37-007",1985,"https://fbref.com/en/players/1d2d5cc8/Steve-Mandanda",4,4,4,360,4,5,1.25,14,9,64.3,2,2,0,1,25,0,0,0,0,NA,5,0,0,3,1,3,0.21,-1,-0.26,15,25,60,87,15,21.8,29.6,30,20,30.3,36,3,8.3,5,1.25,17.8,102,117,87.2,2719,1735,27,28,96.4,42,44,95.5,33,45,73.3,0,0,0,1,3,0,0,0
2022,"Metz","Ligue 1","Alexandre Oukidja","ALG","GK","33-259",1988,"https://fbref.com/en/players/ae7d0ecd/Alexandre-Oukidja",18,18,18,1617,18,36,2,77,45,57.1,2,7,9,3,16.7,3,3,0,0,0,36,3,1,2,2,29.9,0.35,-4.1,-0.23,132,313,42.2,360,107,54.7,45.2,139,83.5,60.2,154,24,15.6,20,1.11,15.8,316,499,63.3,12223,8471,26,26,100,107,109,98.2,181,362,50,0,0,0,0,8,1,0,0
2022,"Metz","Ligue 1","Marc-Aurèle Caillard","FRA","GK","27-327",1994,"https://fbref.com/en/players/5ee6e943/Marc-Aurele-Caillard",12,13,12,1083,12,18,1.5,51,34,68.6,2,4,6,4,33.3,2,2,0,0,0,18,2,0,6,0,18.5,0.34,0.5,0.04,80,198,40.4,197,58,50.8,42.7,111,88.3,60.7,101,3,3,4,0.33,13.3,186,308,60.4,7298,5346,20,20,100,72,73,98.6,94,215,43.7,0,0,0,0,5,0,0,0
2022,"Milan","Serie A","Ciprian Tataru<U+0219>anu","ROU","GK","36-054",1986,"https://fbref.com/en/players/b056e3da/Ciprian-Tatarusanu",6,6,6,540,6,10,1.67,21,14,61.9,4,1,1,1,16.7,3,2,1,0,33.3,10,2,0,1,1,9,0.3,0,-0.01,37,79,46.8,168,12,39.3,36.8,38,34.2,37.6,49,2,4.1,4,0.67,13,162,206,78.6,4995,3138,24,24,100,75,75,100,63,107,58.9,0,0,0,0,0,0,0,0
2022,"Milan","Serie A","Mike Maignan","FRA","GK","26-275",1995,"https://fbref.com/en/players/fcb38f57/Mike-Maignan",24,24,24,2160,24,19,0.79,80,63,78.8,16,5,3,11,45.8,2,2,0,0,0,19,2,0,4,1,23.4,0.27,5.4,0.23,144,312,46.2,718,122,37.6,35.9,112,37.5,37.3,171,21,12.3,21,0.88,15.7,654,830,78.8,19132,11088,119,119,100,275,275,100,258,434,59.4,1,0.4,0.6,2,13,0,0,0
2022,"Monaco","Ligue 1","Alexander Nübel","GER","GK","25-186",1996,"https://fbref.com/en/players/afb0c500/Alexander-Nubel",30,30,30,2700,30,31,1.03,102,80,75.5,13,8,9,9,30,7,6,0,1,0,31,6,0,5,3,33.3,0.27,5.3,0.18,141,346,40.8,694,130,33.6,34.5,217,52.1,43.9,203,9,4.4,16,0.53,15.3,695,911,76.3,20089,12061,123,123,100,318,318,100,251,466,53.9,0,0,0,0,3,0,0,3
2022,"Montpellier","Ligue 1","Dimitry Bertaud","FRA","GK","23-302",1998,"https://fbref.com/en/players/380a15e2/Dimitry-Bertaud",5.2,6,5,472,5.2,12,2.29,29,18,58.6,2,1,2,1,20,0,0,0,0,NA,12,0,1,1,1,10.2,0.35,-0.8,-0.16,44,100,44,126,29,51.6,39.8,55,63.6,48.1,56,8,14.3,1,0.19,12,125,181,69.1,4078,2846,27,27,100,47,47,100,51,107,47.7,0,0,0,0,1,1,0,0
2022,"Montpellier","Ligue 1","Jonas Omlin","SUI","GK","28-084",1994,"https://fbref.com/en/players/c631f952/Jonas-Omlin",24.8,25,25,2228,24.8,30,1.21,129,100,77.5,10,4,11,8,32,2,1,1,0,50,30,1,0,2,0,30.9,0.22,0.9,0.03,142,344,41.3,714,156,32.9,33.7,240,45.4,40.5,267,20,7.5,15,0.61,13.9,729,954,76.4,20298,11594,143,148,96.6,346,353,98,236,447,52.8,0,0,0,0,3,0,0,1
2022,"Nantes","Ligue 1","Alban Lafont","FRA","GK","23-071",1999,"https://fbref.com/en/players/4e7db402/Alban-Lafont",30,30,30,2700,30,33,1.1,113,81,71.7,13,6,11,8,26.7,3,1,2,0,66.7,33,1,0,5,1,32.4,0.27,0.4,0.01,161,502,32.1,646,97,50.2,44,224,79.5,57.2,217,15,6.9,19,0.63,14.7,515,870,59.2,17968,12768,62,63,98.4,218,221,98.6,234,584,40.1,0,0,0,0,14,0,0,0
2022,"Napoli","Serie A","Alex Meret","ITA","GK","25-013",1997,"https://fbref.com/en/players/9413b19f/Alex-Meret",4,4,4,360,4,2,0.5,13,11,84.6,4,0,0,2,50,0,0,0,0,NA,2,0,0,0,0,2.2,0.17,0.2,0.05,6,14,42.9,72,19,12.5,25.3,17,29.4,32.8,27,2,7.4,0,0,10.3,79,89,88.8,1869,954,20,20,100,32,33,97,25,34,73.5,0,0,0,0,0,0,0,0
2022,"Napoli","Serie A","David Ospina","COL","GK","33-216",1988,"https://fbref.com/en/players/82b1198a/David-Ospina",27,27,27,2430,27,21,0.78,90,71,77.8,16,6,5,11,40.7,1,1,0,0,0,21,1,0,3,1,24,0.26,4,0.15,109,246,44.3,705,104,30.6,31.8,128,23.4,26.9,183,16,8.7,16,0.59,14.6,671,833,80.6,17488,10512,137,138,99.3,299,306,97.7,227,379,59.9,0,0,0,0,5,0,0,0
2022,"Newcastle Utd","Premier League","Freddie Woodman","ENG","GK","25-031",1997,"https://fbref.com/en/players/19e50035/Freddie-Woodman",4,4,4,360,4,12,3,19,9,47.4,0,1,3,0,0,3,2,1,0,33.3,12,2,0,0,0,8.7,0.35,-3.3,-0.83,22,71,31,80,11,53.8,43.3,43,65.1,52,33,2,6.1,0,0,11.6,74,123,60.2,2481,1475,8,8,100,34,34,100,31,80,38.8,0,0,0,0,6,0,0,0
2022,"Newcastle Utd","Premier League","Karl Darlow","ENG","GK","31-178",1990,"https://fbref.com/en/players/cde3309f/Karl-Darlow",8,8,8,720,8,15,1.87,37,25,64.9,0,5,3,0,0,2,2,0,0,0,15,2,0,1,1,10.6,0.24,-3.4,-0.42,75,172,43.6,189,29,64.6,49.8,64,78.1,59.8,69,8,11.6,4,0.5,14.9,152,253,60.1,6707,4585,15,15,100,41,42,97.6,96,195,49.2,0,0,0,0,10,0,0,0
2022,"Newcastle Utd","Premier League","Martin Dúbravka","SVK","GK","33-079",1989,"https://fbref.com/en/players/3a949a25/Martin-Dubravka",18,18,18,1620,18,27,1.5,72,45,63.9,7,4,7,4,22.2,1,1,0,0,0,27,1,0,4,1,29.1,0.4,3.1,0.17,168,362,46.4,416,59,50.2,41.5,170,90,62.1,154,13,8.4,4,0.22,12.1,387,586,66,15196,10461,38,38,100,140,143,97.9,206,402,51.2,0,0,0,0,11,0,0,0
2022,"Nice","Ligue 1","Marcin Bulka","POL","GK","22-182",1999,"https://fbref.com/en/players/db87a2c4/Marcin-Bulka",1,1,1,90,1,1,1,5,4,80,0,0,1,0,0,0,0,0,0,NA,1,0,0,0,0,1.4,0.29,0.4,0.45,3,4,75,16,6,12.5,20.4,7,28.6,25.9,10,0,0,0,0,18.5,21,23,91.3,444,269,8,9,88.9,10,10,100,3,4,75,0,0,0,0,0,0,0,0
2022,"Nice","Ligue 1","Walter Benítez","ARG","GK","29-016",1993,"https://fbref.com/en/players/8a2248b4/Walter-Benitez",29,29,29,2610,29,23,0.79,108,89,82.4,15,7,7,12,41.4,5,4,1,0,20,23,4,1,1,0,31.1,0.25,8.1,0.28,144,355,40.6,589,122,38,34.5,214,61.2,46.6,267,11,4.1,17,0.59,13.9,582,803,72.5,17038,11673,131,131,100,242,245,98.8,207,424,48.8,0,0,0,0,1,0,0,0
2022,"Norwich City","Premier League","Angus Gunn","ENG","GK","26-072",1996,"https://fbref.com/en/players/e082af5b/Angus-Gunn",7,7,7,630,7,18,2.57,42,26,61.9,1,1,5,1,14.3,4,2,1,1,33.3,18,2,0,2,0,18.4,0.39,0.4,0.06,46,112,41.1,162,32,53.1,40.3,62,41.9,38.5,69,6,8.7,6,0.86,14.6,156,224,69.6,4841,2532,38,38,100,49,50,98,68,135,50.4,0,0,0,0,1,0,0,0
2022,"Norwich City","Premier League","Tim Krul","NED","GK","34-001",1988,"https://fbref.com/en/players/f23f9d20/Tim-Krul",23,23,23,2070,23,45,1.96,117,77,66.7,3,5,15,4,17.4,8,6,1,1,14.3,45,6,0,7,2,42.3,0.32,-0.7,-0.03,152,397,38.3,666,122,45.2,39.9,184,52.2,44.3,203,7,3.4,10,0.43,12.7,585,850,68.8,18845,10626,76,77,98.7,243,246,98.8,264,524,50.4,0,0.4,-0.4,2,6,1,0,1
2022,"Osasuna","La Liga","Juan Pérez","ESP","GK","25-263",1996,"https://fbref.com/en/players/8f29e08b/Juan-Perez",1,1,1,90,1,2,2,4,2,50,0,0,1,0,0,0,0,0,0,NA,2,0,0,1,0,0.9,0.23,-1.1,-1.08,3,18,16.7,19,4,68.4,46.5,5,100,64.2,8,1,12.5,2,2,16.9,7,24,29.2,222,174,1,1,100,3,3,100,3,20,15,0,0,0,0,0,0,0,0
2022,"Osasuna","La Liga","Sergio Herrera","ESP","GK","28-303",1993,"https://fbref.com/en/players/a4995f48/Sergio-Herrera",29,29,29,2610,29,38,1.31,104,69,66.3,10,8,11,11,37.9,4,3,1,0,25,38,3,0,8,1,34.6,0.31,-2.4,-0.08,353,724,48.8,679,53,74.8,53.8,246,87.8,62,314,18,5.7,33,1.14,15.6,538,925,58.2,26403,21384,25,25,100,123,127,96.9,389,770,50.5,0,0,0,1,57,0,0,0
2022,"Paris S-G","Ligue 1","Gianluigi Donnarumma","ITA","GK","23-038",1999,"https://fbref.com/en/players/08f5afaa/Gianluigi-Donnarumma",13,13,13,1170,13,12,0.92,50,38,78,10,1,2,4,30.8,1,1,0,0,0,12,1,0,2,0,14.4,0.28,2.4,0.18,30,50,60,280,87,13.6,23.6,73,16.4,21.4,83,5,6,18,1.38,17.4,327,353,92.6,6963,3675,104,104,100,151,154,98.1,68,91,74.7,0,0,0,0,0,0,0,0
2022,"Paris S-G","Ligue 1","Keylor Navas","CRC","GK","35-110",1986,"https://fbref.com/en/players/ecada4fc/Keylor-Navas",16.7,17,17,1504,16.7,15,0.9,69,55,79.7,11,4,2,6,35.3,1,1,0,0,0,15,1,0,2,0,15.6,0.21,0.6,0.04,36,71,50.7,340,84,16.5,27.1,118,12.7,23,127,7,5.5,11,0.66,13.7,417,458,91,9680,5449,121,121,100,187,190,98.4,108,146,74,0,0,0,0,0,0,0,0
2022,"Paris S-G","Ligue 1","Sergio Rico","ESP","GK","28-215",1993,"https://fbref.com/en/players/5f0241b2/Sergio-Rico",0.3,1,0,23,0.3,1,3.91,3,2,66.7,0,0,0,0,NA,0,0,0,0,NA,1,0,0,0,0,1.1,0.41,0.1,0.52,2,3,66.7,8,1,37.5,32.3,0,NA,NA,4,0,0,1,3.91,18.3,7,8,87.5,204,116,1,1,100,3,3,100,3,4,75,0,0,0,0,0,0,0,0
2022,"Rayo Vallecano","La Liga","Luca Zidane","FRA","GK,MF","23-326",1998,"https://fbref.com/en/players/c818c4d9/Luca-Zidane",6.2,7,7,555,6.2,9,1.46,31,22,71,0,1,6,0,0,0,0,0,0,NA,9,0,0,1,0,9,0.29,0,0.01,47,95,49.5,155,37,42.6,38.1,46,63,50,49,4,8.2,2,0.32,12.4,150,201,74.6,4849,3385,27,27,100,61,62,98.4,62,112,55.4,0,0,0,0,2,0,0,0
2022,"Rayo Vallecano","La Liga","Stole Dimitrievski","MKD","GK","28-100",1993,"https://fbref.com/en/players/fc70e345/Stole-Dimitrievski",22.8,23,22,2052,22.8,27,1.18,83,63,75.9,9,5,8,6,27.3,9,7,2,0,22.2,27,7,0,4,1,30.2,0.28,4.2,0.18,159,452,35.2,523,106,60.6,48.2,170,79.4,59.2,184,18,9.8,9,0.39,12.4,389,693,56.1,14953,10857,61,61,100,120,124,96.8,207,506,40.9,0,0,0,0,15,0,0,0
2022,"RB Leipzig","Bundesliga","Josep Martinez","ESP","GK","23-312",1998,"https://fbref.com/en/players/11d8aff0/Josep-Martinez",1,1,1,90,1,3,3,4,1,25,0,0,1,0,0,0,0,0,0,NA,3,0,0,0,0,1.9,0.48,-1.1,-1.09,2,5,40,15,1,26.7,35.1,7,14.3,34.3,3,0,0,3,3,26.5,19,22,86.4,543,419,1,1,100,12,12,100,6,9,66.7,0,0,0,0,1,0,0,0
2022,"RB Leipzig","Bundesliga","Péter Gulácsi","HUN","GK","31-333",1990,"https://fbref.com/en/players/bcb2ccd8/Peter-Gulacsi",27,27,27,2430,27,28,1.04,88,64,71.6,14,6,7,7,25.9,3,3,0,0,0,28,3,0,6,1,29.2,0.31,2.2,0.08,123,315,39,772,118,32.6,33.3,165,38.2,35.3,191,8,4.2,36,1.33,17.9,734,937,78.3,19637,10350,175,175,100,340,345,98.6,213,411,51.8,0,0,0,0,11,2,0,2
2022,"Real Madrid","La Liga","Thibaut Courtois","BEL","GK","29-328",1992,"https://fbref.com/en/players/1840e36d/Thibaut-Courtois",30,30,30,2700,30,26,0.87,103,78,76.7,21,6,3,12,40,3,2,1,0,33.3,26,2,0,2,0,29.8,0.27,3.8,0.13,96,267,36,775,159,24.8,31.9,168,44.6,40.5,266,24,9,18,0.6,14.5,762,943,80.8,19559,10349,137,137,100,424,425,99.8,197,377,52.3,0,0,0,0,3,0,0,1
2022,"Real Sociedad","La Liga","Álex Remiro","ESP","GK","27-011",1995,"https://fbref.com/en/players/374ee424/Alex-Remiro",26,26,26,2340,26,24,0.92,78,56,73.1,11,9,6,16,61.5,4,3,1,0,25,24,3,1,4,0,26,0.29,2,0.08,203,426,47.7,748,94,42.1,36.4,181,61.3,48.8,234,19,8.1,29,1.12,16.2,692,929,74.5,21264,13347,147,148,99.3,282,285,98.9,263,496,53,0,0,0,0,11,0,0,0
2022,"Real Sociedad","La Liga","Mathew Ryan","AUS","GK","29-361",1992,"https://fbref.com/en/players/4535e4bb/Mathew-Ryan",3,3,3,270,3,5,1.67,15,11,73.3,2,0,1,1,33.3,1,1,0,0,0,5,1,0,3,0,5,0.28,0,0.01,20,58,34.5,88,14,51.1,42.2,19,68.4,49.3,36,4,11.1,1,0.33,14.2,68,107,63.6,2178,1317,11,11,100,29,29,100,28,67,41.8,0,0,0,0,1,0,0,0
2022,"Reims","Ligue 1","Predrag Rajkovic","SRB","GK","26-155",1995,"https://fbref.com/en/players/58ad9383/Predrag-Rajkovic",30,30,30,2700,30,32,1.07,109,82,74.3,8,12,10,10,33.3,6,4,1,1,20,32,4,2,6,1,30.9,0.25,-0.1,0,153,427,35.8,763,153,41.5,38.8,209,52.6,43.1,293,23,7.8,35,1.17,16.3,679,972,69.9,20296,11560,117,117,100,270,277,97.5,285,569,50.1,0,0,0,1,13,0,0,0
2022,"Rennes","Ligue 1","Alfred Gomis","SEN","GK","28-211",1993,"https://fbref.com/en/players/cecbce23/Alfred-Gomis",22,22,22,1980,22,21,0.95,55,37,69.1,13,4,5,9,40.9,4,4,0,0,0,21,4,0,3,1,21,0.34,1,0.05,130,285,45.6,555,101,35,33.9,134,67.9,51,210,11,5.2,14,0.64,14.7,527,689,76.5,15782,9682,89,89,100,253,256,98.8,182,341,53.4,0,0,0,0,2,0,0,0
2022,"Rennes","Ligue 1","Dogan Alemdar","TUR","GK","19-157",2002,"https://fbref.com/en/players/9e17ccff/Dogan-Alemdar",7,7,7,630,7,6,0.86,14,8,57.1,3,1,3,2,28.6,0,0,0,0,NA,6,0,0,0,0,4.2,0.3,-1.8,-0.26,33,82,40.2,169,31,29,32.3,39,84.6,57.5,67,2,3,7,1,14.3,153,208,73.6,4467,2739,24,24,100,80,83,96.4,47,99,47.5,0,0,0,0,0,0,0,0
2022,"Rennes","Ligue 1","Romain Salin","FRA","GK","37-249",1984,"https://fbref.com/en/players/74733221/Romain-Salin",1,1,1,90,1,2,2,3,1,33.3,0,0,1,0,0,0,0,0,0,NA,2,0,0,0,0,1,0.32,-1,-1.04,6,9,66.7,29,8,31,35.3,3,0,13.3,6,1,16.7,1,1,14.5,29,32,90.6,849,494,7,7,100,12,12,100,10,13,76.9,0,0,0,0,1,0,0,0
2022,"Roma","Serie A","Rui Patrício","POR","GK","34-048",1988,"https://fbref.com/en/players/79b0d6a0/Rui-Patricio",31,31,31,2790,31,35,1.13,113,81,71.7,16,6,9,13,41.9,4,3,1,0,25,35,3,1,4,2,32.1,0.25,-0.9,-0.03,171,362,47.2,689,122,42.7,37,192,35.4,33.7,213,4,1.9,14,0.45,12.6,681,881,77.3,20764,12465,117,117,100,273,275,99.3,289,487,59.3,0,0.4,-0.4,2,2,0,0,1
2022,"Saint-Étienne","Ligue 1","Etienne Green","ENG","GK","21-259",2000,"https://fbref.com/en/players/667b65da/Etienne-Green",13.3,15,15,1197,13.3,27,2.03,67,43,61.2,2,5,8,1,6.7,1,1,0,0,0,27,1,1,3,2,20.6,0.29,-4.4,-0.33,75,188,39.9,295,65,41.7,37.9,109,59.6,47.4,112,9,8,8,0.6,14.5,286,404,70.8,8795,5369,54,54,100,110,110,100,114,232,49.1,0,0.3,-0.3,1,1,0,0,0
2022,"Saint-Étienne","Ligue 1","Paul Bernardoni","FRA","GK","24-351",1997,"https://fbref.com/en/players/28dabd43/Paul-Bernardoni",11,11,11,990,11,11,1,40,29,80,4,3,4,3,27.3,3,3,0,0,0,11,3,0,3,1,15.4,0.32,1.4,0.12,53,184,28.8,256,67,51.6,39.9,71,73.2,50.5,77,10,13,14,1.27,15.7,189,327,57.8,5914,3768,24,24,100,84,85,98.8,81,218,37.2,0,0,0,0,1,0,0,0
2022,"Saint-Étienne","Ligue 1","Stefan Bajic","FRA","GK","20-102",2001,"https://fbref.com/en/players/be13e5a8/Stefan-Bajic",5.7,7,4,510,5.7,13,2.29,27,16,59.3,0,1,3,0,0,2,2,0,0,0,13,2,1,0,0,13.4,0.43,0.4,0.07,33,86,38.4,141,39,39.7,34.7,44,68.2,50.2,53,1,1.9,9,1.59,15.7,130,185,70.3,3777,2594,35,36,97.2,47,47,100,47,101,46.5,0,0,0,0,1,0,0,0
2022,"Salernitana","Serie A","Luigi Sepe","ITA","GK","30-331",1991,"https://fbref.com/en/players/343f753a/Luigi-Sepe",8,8,8,720,8,16,2,43,30,69.8,0,5,3,0,0,3,3,0,0,0,16,3,0,0,0,16.5,0.32,0.5,0.06,85,165,51.5,233,20,53.6,42.8,63,63.5,47,74,3,4.1,7,0.88,16,211,296,71.3,7799,5890,35,35,100,67,68,98.5,108,192,56.3,0,0,0,0,10,0,0,0
2022,"Salernitana","Serie A","Vid Belec","SVN","GK","31-302",1990,"https://fbref.com/en/players/4f8ce0e1/Vid-Belec",20,20,20,1800,20,45,2.25,119,78,64.7,3,2,15,1,5,4,3,0,1,0,45,3,0,6,2,34.9,0.27,-8.1,-0.4,143,335,42.7,373,70,56.3,44.6,168,74.4,53.5,197,10,5.1,6,0.3,12.6,336,541,62.1,13124,9592,38,39,97.4,111,111,100,185,387,47.8,0,0,0,0,12,1,0,0
2022,"Salernitana","Serie A","Vincenzo Fiorillo","ITA","GK","32-081",1990,"https://fbref.com/en/players/a2565f79/Vincenzo-Fiorillo",2,2,2,180,2,5,2.5,8,3,37.5,0,0,2,0,0,0,0,0,0,NA,5,0,0,1,0,2.6,0.33,-2.4,-2.38,11,19,57.9,20,4,50,41.3,11,81.8,53.3,7,1,14.3,0,0,10,23,31,74.2,955,675,0,0,NA,7,7,100,16,24,66.7,0,0,0,0,0,0,0,0
2022,"Sampdoria","Serie A","Emil Audero","ITA","GK","25-076",1997,"https://fbref.com/en/players/649b01d8/Emil-Audero",21.5,22,22,1935,21.5,38,1.77,99,63,62.6,6,4,12,4,18.2,1,1,0,0,0,38,1,1,4,1,32.4,0.32,-4.6,-0.22,167,374,44.7,566,85,46.5,39.5,156,71.2,50.6,201,17,8.5,7,0.33,13.4,499,722,69.1,16963,11083,69,69,100,190,196,96.9,239,456,52.4,0,0,0,1,13,0,0,0
2022,"Sampdoria","Serie A","Wladimiro Falcone","ITA","GK","26-357",1995,"https://fbref.com/en/players/9f5a610b/Wladimiro-Falcone",9.5,10,9,855,9.5,14,1.47,53,41,75.5,2,1,6,2,22.2,1,1,0,0,0,14,1,0,0,1,15.9,0.28,2.9,0.31,65,168,38.7,284,44,40.5,36.7,74,71.6,49.1,108,9,8.3,1,0.11,11.9,250,358,69.8,7775,4587,47,48,97.9,90,92,97.8,112,217,51.6,0,0,0,0,3,0,0,0
2022,"Sassuolo","Serie A","Andrea Consigli","ITA","GK","35-067",1987,"https://fbref.com/en/players/8cabdc1e/Andrea-Consigli",30,30,30,2700,30,48,1.6,118,77,65.3,11,10,9,3,10,8,7,1,0,12.5,48,7,0,6,1,48.8,0.36,1.8,0.06,223,452,49.3,990,134,37.9,34.8,208,37,31.3,266,16,6,18,0.6,13,940,1198,78.5,26612,14386,198,201,98.5,357,362,98.6,374,624,59.9,0,0.1,-0.1,1,6,1,0,0
2022,"Sassuolo","Serie A","Gianluca Pegolo","ITA","GK","41-010",1981,"https://fbref.com/en/players/f058ed1f/Gianluca-Pegolo",1,1,1,90,1,3,3,5,2,40,0,0,1,0,0,0,0,0,0,NA,3,0,0,1,0,1.8,0.36,-1.2,-1.2,6,10,60,26,4,30.8,31,8,25,25.6,12,0,0,0,0,12.8,29,34,85.3,804,485,5,5,100,11,12,91.7,12,16,75,0,0,0,0,0,0,0,0
2022,"Sevilla","La Liga","Javier Díaz","ESP","GK","24-324",1997,"https://fbref.com/en/players/17a1299d/Javier-Diaz",1,1,1,90,1,1,1,2,1,50,0,1,0,0,0,0,0,0,0,NA,1,0,0,0,0,0.3,0.15,-0.7,-0.7,5,10,50,30,2,26.7,31.9,3,66.7,50.3,12,1,8.3,1,1,25,28,33,84.8,788,344,5,5,100,12,12,100,11,16,68.8,0,0,0,0,0,0,0,0
2022,"Sevilla","La Liga","Marko Dmitrovic","SRB","GK","30-070",1992,"https://fbref.com/en/players/ac295d9e/Marko-Dmitrovic",5,5,5,450,5,5,1,17,12,70.6,3,2,0,3,60,0,0,0,0,NA,5,0,0,0,0,5.2,0.31,0.2,0.05,16,43,37.2,150,22,22.7,30.4,24,37.5,39.7,40,3,7.5,9,1.8,19,145,174,83.3,3688,1651,32,32,100,77,77,100,36,65,55.4,0,0,0,0,0,0,0,0
2022,"Sevilla","La Liga","Yassine Bounou","MAR","GK","30-364",1991,"https://fbref.com/en/players/f6798fc3/Yassine-Bounou",24,24,24,2160,24,14,0.58,67,53,80.6,12,9,3,12,50,2,1,1,0,50,14,1,1,3,0,18.2,0.25,4.2,0.17,146,340,42.9,674,83,34.9,35.6,181,58,46.5,193,18,9.3,13,0.54,13.4,649,855,75.9,19700,9332,87,87,100,323,326,99.1,236,439,53.8,2,0.6,1.4,2,6,0,0,0
2022,"Southampton","Premier League","Alex McCarthy","ENG","GK","32-122",1989,"https://fbref.com/en/players/36c2ca73/Alex-McCarthy",15,15,15,1350,15,21,1.4,60,38,65,3,7,5,5,33.3,0,0,0,0,NA,21,0,0,6,0,20.8,0.35,-0.2,-0.02,72,241,29.9,341,61,46.3,39.9,109,76.1,56.8,135,17,12.6,3,0.2,12.4,274,450,60.9,8440,5427,46,46,100,131,133,98.5,95,268,35.4,0,0,0,1,7,0,0,0
2022,"Southampton","Premier League","Fraser Forster","ENG","GK","34-018",1988,"https://fbref.com/en/players/c3e39f12/Fraser-Forster",13,13,13,1170,13,20,1.54,57,40,68.4,5,4,4,2,15.4,2,2,0,0,0,20,2,0,3,1,20.1,0.32,1.1,0.08,87,251,34.7,335,53,53.1,43.8,93,78.5,54.6,126,11,8.7,9,0.69,13.4,254,428,59.3,8837,5625,35,36,97.2,105,107,98.1,113,283,39.9,0,0,0,0,6,0,0,0
2022,"Southampton","Premier League","Willy Caballero","ARG","GK","40-188",1981,"https://fbref.com/en/players/a179d516/Willy-Caballero",2,2,2,180,2,5,2.5,11,6,54.5,0,1,1,0,0,0,0,0,0,NA,5,0,0,1,0,4.3,0.4,-0.7,-0.36,20,39,51.3,46,0,58.7,42.1,13,92.3,59.1,21,1,4.8,4,2,21.7,39,59,66.1,1548,1209,4,4,100,14,14,100,21,41,51.2,0,0,0,0,0,0,0,0
2022,"Spezia","Serie A","Ivan Provedel","ITA","GK","28-018",1994,"https://fbref.com/en/players/277da414/Ivan-Provedel",24,24,24,2160,24,35,1.46,115,87,75.7,8,4,12,6,25,10,7,1,2,12.5,35,7,3,3,2,32.9,0.23,-0.1,-0.01,216,521,41.5,764,102,52.9,43.7,176,66.5,49.7,212,20,9.4,19,0.79,14.8,619,940,65.9,21875,13565,84,85,98.8,209,214,97.7,324,639,50.7,0,0,0,0,13,1,0,1
2022,"Spezia","Serie A","Jeroen Zoet","NED","GK","31-088",1991,"https://fbref.com/en/players/cc1a0c57/Jeroen-Zoet",7,7,7,630,7,19,2.71,40,22,55,1,1,5,0,0,2,1,1,0,50,19,1,0,3,0,17.5,0.39,-1.5,-0.22,29,81,35.8,181,41,32,33.9,54,42.6,39.4,52,3,5.8,5,0.71,13.7,178,235,75.7,4850,2509,34,35,97.1,83,83,100,60,116,51.7,0,0,0,0,1,0,0,0
2022,"Strasbourg","Ligue 1","Eiji Kawashima","JPN","GK","39-015",1983,"https://fbref.com/en/players/a4527d33/Eiji-Kawashima",1,1,1,90,1,0,0,1,1,100,1,0,0,1,100,0,0,0,0,NA,0,0,0,0,0,0,0.02,0,0.02,1,4,25,24,5,8.3,28.4,7,28.6,32.3,8,0,0,0,0,13.2,28,31,90.3,677,319,4,4,100,17,17,100,7,10,70,0,0,0,0,0,0,0,0
2022,"Strasbourg","Ligue 1","Matz Sels","BEL","GK","30-037",1992,"https://fbref.com/en/players/834b5c4c/Matz-Sels",29,29,29,2610,29,32,1.1,92,64,68.5,13,9,7,11,37.9,3,3,0,0,0,32,3,0,4,1,29.7,0.3,-1.3,-0.05,147,348,42.2,561,105,45.3,38,187,50.3,43.7,214,18,8.4,18,0.62,14.4,538,748,71.9,16634,10878,102,102,100,213,214,99.5,218,427,51.1,0,0,0,0,4,0,0,1
2022,"Stuttgart","Bundesliga","Fabian Bredlow","GER","GK","27-033",1995,"https://fbref.com/en/players/d28339cb/Fabian-Bredlow",4,4,4,360,4,7,1.75,24,17,70.8,0,2,2,0,0,0,0,0,0,NA,7,0,0,3,0,6.9,0.29,-0.1,-0.01,12,24,50,90,22,23.3,28.7,37,8.1,19.9,38,1,2.6,4,1,16,115,127,90.6,2598,1417,37,37,100,57,57,100,20,32,62.5,0,0,0,0,2,0,0,0
2022,"Stuttgart","Bundesliga","Florian Müller","GER","GK","24-142",1997,"https://fbref.com/en/players/cbac6ec9/Florian-Muller",24,24,24,2160,24,44,1.83,113,73,64.6,6,7,11,3,12.5,4,4,0,0,0,44,4,1,5,1,34.1,0.27,-8.9,-0.37,114,229,49.8,638,122,27,29.8,186,30.6,30.6,232,10,4.3,20,0.83,14.3,698,824,84.7,17512,9000,175,175,100,306,309,99,204,327,62.4,0,0,0,0,2,1,0,0
2022,"Torino","Serie A","Etrit Berisha","ALB","GK","33-025",1989,"https://fbref.com/en/players/ee833569/Etrit-Berisha",4,4,4,360,4,2,0.5,12,9,83.3,1,2,1,2,50,0,0,0,0,NA,2,0,0,0,0,3.5,0.3,1.5,0.39,22,80,27.5,87,11,60.9,46.7,34,79.4,58.1,37,3,8.1,4,1,15.3,59,121,48.8,2204,1637,7,8,87.5,18,20,90,33,92,35.9,0,0,0,0,1,0,0,0
2022,"Torino","Serie A","Luca Gemello","ITA","GK","21-275",2000,"https://fbref.com/en/players/53e494ec/Luca-Gemello",1,1,1,90,1,0,0,4,4,100,1,0,0,1,100,0,0,0,0,NA,0,0,0,0,0,0.8,0.2,0.8,0.8,9,28,32.1,31,1,80.6,51.8,3,100,60.7,4,0,0,0,0,12,15,34,44.1,617,468,1,1,100,5,5,100,9,28,32.1,0,0,0,0,1,0,0,0
2022,"Torino","Serie A","Vanja Milinkovic-Savic","SRB","GK","25-043",1997,"https://fbref.com/en/players/9fa26bc2/Vanja-Milinkovic-Savic",25,25,25,2250,25,28,1.12,69,45,65.2,8,6,11,4,16,5,4,1,0,20,28,4,2,3,0,23.9,0.29,-4.1,-0.16,212,646,32.8,794,89,63.6,51,156,90.4,70.1,136,10,7.4,12,0.48,13.8,500,950,52.6,20327,14152,42,44,95.5,192,197,97.5,266,708,37.6,0,0,0,0,57,1,0,0
2022,"Tottenham","Premier League","Hugo Lloris","FRA","GK","35-099",1986,"https://fbref.com/en/players/8f62b6ee/Hugo-Lloris",30,30,30,2700,30,37,1.23,110,76,68.2,17,3,10,11,36.7,2,2,0,0,0,37,2,1,5,1,35.4,0.31,-0.6,-0.02,134,281,47.7,521,114,37,34.3,215,40.9,34.5,280,17,6.1,20,0.67,14.5,581,736,78.9,16186,9536,146,147,99.3,225,226,99.6,200,353,56.7,0,0.5,-0.5,3,12,0,0,0
2022,"Troyes","Ligue 1","Gauthier Gallon","FRA","GK","28-346",1993,"https://fbref.com/en/players/db3164e1/Gauthier-Gallon",30,30,30,2700,30,42,1.4,119,86,71.4,8,8,14,8,26.7,8,8,0,0,0,42,8,0,7,2,38.1,0.26,-1.9,-0.06,212,501,42.3,778,151,46,38.8,242,59.1,43.5,276,18,6.5,13,0.43,12.7,711,1020,69.7,21871,13839,138,140,98.6,276,281,98.2,291,592,49.2,0,0,0,0,9,0,0,0
2022,"Udinese","Serie A","Daniele Padelli","ITA","GK","36-161",1985,"https://fbref.com/en/players/cf1c23d8/Daniele-Padelli",2,2,2,180,2,8,4,11,3,27.3,0,0,2,0,0,0,0,0,0,NA,8,0,0,0,0,5.1,0.46,-2.9,-1.44,11,35,31.4,63,9,39.7,32.3,14,71.4,50.2,20,1,5,1,0.5,11.8,53,77,68.8,1309,858,14,14,100,26,26,100,12,36,33.3,0,0,0,0,0,0,0,0
2022,"Udinese","Serie A","Marco Silvestri","ITA","GK","31-033",1991,"https://fbref.com/en/players/0d422df7/Marco-Silvestri",28,28,28,2520,28,39,1.39,98,63,64.3,8,12,8,7,25,4,4,0,0,0,39,4,0,5,1,33,0.31,-5,-0.18,160,404,39.6,567,72,53.1,41.5,200,51.5,41.6,191,8,4.2,3,0.11,11.4,517,767,67.4,16777,11433,100,102,98,210,210,100,206,454,45.4,0,0.1,-0.1,2,10,0,0,0
2022,"Union Berlin","Bundesliga","Andreas Luthe","GER","GK","35-025",1987,"https://fbref.com/en/players/7fe12375/Andreas-Luthe",25,25,25,2250,25,36,1.44,99,67,65.7,9,7,9,6,24,2,2,0,0,0,36,2,0,5,3,32.2,0.31,-0.8,-0.03,165,457,36.1,715,109,46.9,39.4,201,60.7,45.2,219,15,6.8,15,0.6,13.9,611,916,66.7,19074,12168,105,107,98.1,265,271,97.8,240,535,44.9,0,0,0,0,17,0,0,0
2022,"Union Berlin","Bundesliga","Frederik Rønnow","DEN","GK","29-243",1992,"https://fbref.com/en/players/a70b8345/Frederik-Ronnow",3,3,3,270,3,2,0.67,9,7,77.8,2,1,0,1,33.3,0,0,0,0,NA,2,0,0,0,0,1.7,0.19,-0.3,-0.1,20,66,30.3,96,13,55.2,41.6,20,65,50.3,23,5,21.7,0,0,16.1,65,116,56,2157,1470,7,7,100,30,31,96.8,28,77,36.4,0,0,0,0,2,0,0,0
2022,"Valencia","La Liga","Giorgi Mamardashvili","GEO","GK","21-187",2000,"https://fbref.com/en/players/d4b73232/Giorgi-Mamardashvili",13,13,13,1170,13,13,1,51,39,76.5,5,4,4,7,53.8,1,1,0,0,0,13,1,0,1,0,11.4,0.21,-1.6,-0.12,102,238,42.9,256,45,63.3,45.9,97,78.4,57.2,130,10,7.7,12,0.92,14.3,213,353,60.3,8413,6024,34,36,94.4,61,62,98.4,116,253,45.8,0,0,0,0,4,0,0,0
2022,"Valencia","La Liga","Jasper Cillessen","NED","GK","32-347",1989,"https://fbref.com/en/players/04ac8285/Jasper-Cillessen",14.2,15,15,1277,14.2,26,1.83,64,42,65.6,4,7,4,3,20,5,4,1,0,20,26,4,0,4,2,26.6,0.37,2.6,0.18,103,238,43.3,302,57,56,46.1,90,76.7,58.9,110,7,6.4,6,0.42,15.1,251,392,64,9669,7178,30,30,100,81,82,98.8,138,278,49.6,1,0,1,1,7,0,0,2
2022,"Valencia","La Liga","Jaume Doménech","ESP","GK","31-150",1990,"https://fbref.com/en/players/c9cb972b/Jaume-Domenech",2.8,3,2,253,2.8,4,1.42,8,5,50,1,0,1,0,0,0,0,0,0,NA,4,0,0,1,1,3.9,0.49,0.9,0.32,31,62,50,59,7,69.5,46.6,27,77.8,53,32,3,9.4,1,0.36,11,54,86,62.8,2196,1607,8,8,100,10,10,100,36,68,52.9,0,0,0,0,0,0,0,0
2022,"Venezia","Serie A","Luca Lezzerini","ITA","GK","27-011",1995,"https://fbref.com/en/players/c9c32262/Luca-Lezzerini",5.5,6,6,495,5.5,9,1.64,39,30,76.9,2,1,3,0,0,0,0,0,0,NA,9,0,0,0,0,11.6,0.31,2.6,0.47,30,70,42.9,155,39,33.5,32.9,42,42.9,34.9,57,2,3.5,2,0.36,11.4,155,197,78.7,4340,2405,27,27,100,67,67,100,58,100,58,0,0,0,1,0,0,0,0
2022,"Venezia","Serie A","Niki Mäenpää","FIN","GK","37-071",1985,"https://fbref.com/en/players/14a96e1c/Niki-Maenpaa",8.5,9,8,765,8.5,13,1.53,26,16,61.5,0,2,6,0,0,4,3,0,1,0,13,3,0,0,0,11.3,0.36,-1.7,-0.2,32,98,32.7,194,36,41.2,36.5,63,28.6,29.5,76,5,6.6,2,0.24,12.1,183,257,71.2,4689,2497,50,51,98,79,82,96.3,51,120,42.5,0,0,0,0,1,0,0,0
2022,"Venezia","Serie A","Sergio Romero","ARG","GK","35-041",1987,"https://fbref.com/en/players/1e26e376/Sergio-Romero",16,16,16,1440,16,33,2.06,99,74,72.7,3,4,9,3,18.8,6,6,0,0,0,33,6,0,1,2,32.2,0.28,1.2,0.08,119,266,44.7,449,101,44.5,38.1,141,46.8,39.3,159,11,6.9,8,0.5,12.1,421,590,71.4,12962,8067,87,88,98.9,154,163,94.5,176,335,52.5,0,0.2,-0.2,1,7,0,0,1
2022,"Villarreal","La Liga","Gerónimo Rulli","ARG","GK","29-319",1992,"https://fbref.com/en/players/625c144a/Geronimo-Rulli",26,26,26,2340,26,23,0.88,78,56,74.4,10,8,8,12,46.2,4,3,1,0,25,23,3,0,2,1,22.5,0.26,0.5,0.02,130,295,44.1,867,133,25.1,32.7,176,43.8,40.2,231,23,10,25,0.96,15.7,863,1043,82.7,24314,12550,108,111,97.3,467,473,98.7,287,458,62.7,0,0,0,0,10,0,0,1
2022,"Villarreal","La Liga","Sergio Asenjo","ESP","GK","32-280",1989,"https://fbref.com/en/players/9f0ea33f/Sergio-Asenjo",4,4,4,360,4,6,1.5,17,12,70.6,2,1,1,0,0,1,1,0,0,0,6,1,0,0,0,5.7,0.28,-0.3,-0.08,19,47,40.4,100,22,29,30.9,46,39.1,39,49,4,8.2,5,1.25,15.2,116,146,79.5,3036,1722,25,25,100,57,57,100,34,63,54,0,0,0,0,1,0,0,0
2022,"Watford","Premier League","Ben Foster","ENG","GK","39-001",1983,"https://fbref.com/en/players/d0b3ceb9/Ben-Foster",19,19,19,1710,19,31,1.63,71,41,57.7,5,4,10,3,15.8,2,1,1,0,50,31,1,0,4,1,26.7,0.36,-3.3,-0.18,171,491,34.8,481,53,70.3,51.4,170,90,64.4,198,11,5.6,20,1.05,15.9,320,651,49.2,14369,10811,19,20,95,94,98,95.9,207,533,38.8,1,0.1,0.9,1,30,2,0,0
2022,"Watford","Premier League","Daniel Bachmann","AUT","GK","27-269",1994,"https://fbref.com/en/players/1c0eea98/Daniel-Bachmann",11,11,11,990,11,26,2.36,61,39,62.3,1,0,10,0,0,3,3,0,0,0,26,3,1,4,2,21.4,0.31,-2.6,-0.23,80,206,38.8,248,40,60.9,47.1,80,68.8,51.5,101,3,3,8,0.73,13.7,194,328,59.1,7387,5045,20,20,100,76,79,96.2,98,229,42.8,0,0,0,0,9,0,0,0
2022,"West Ham","Premier League","Alphonse Areola","FRA","GK","29-036",1993,"https://fbref.com/en/players/2f965a72/Alphonse-Areola",1,1,1,90,1,1,1,3,2,66.7,0,0,1,0,0,0,0,0,0,NA,1,0,0,0,0,1.2,0.39,0.2,0.17,8,28,28.6,27,3,66.7,49.7,14,71.4,53.2,13,1,7.7,0,0,7,20,41,48.8,768,546,0,0,NA,9,9,100,11,32,34.4,0,0,0,0,0,0,0,0
2022,"West Ham","Premier League","Lukasz Fabianski","POL","GK","36-351",1985,"https://fbref.com/en/players/9328b835/Lukasz-Fabianski",30,30,30,2700,30,39,1.3,121,80,69.4,15,6,9,7,23.3,3,2,1,0,33.3,39,2,1,6,1,39.5,0.31,1.5,0.05,202,489,41.3,559,110,58.1,45,224,73.2,54,269,11,4.1,6,0.2,12,491,783,62.7,18795,12481,47,47,100,163,164,99.4,279,568,49.1,0,0,0,1,9,0,0,0
2022,"Wolfsburg","Bundesliga","Koen Casteels","BEL","GK","29-283",1992,"https://fbref.com/en/players/db401046/Koen-Casteels",23,23,23,2070,23,31,1.35,85,57,67.1,9,4,10,8,34.8,6,3,2,1,40,31,3,0,2,0,32.3,0.34,1.3,0.06,172,360,47.8,733,114,37.5,35.2,165,51.5,43.6,211,15,7.1,20,0.87,14.5,698,898,77.7,21225,12004,108,108,100,318,321,99.1,271,466,58.2,0,0,0,0,9,0,0,1
2022,"Wolfsburg","Bundesliga","Pavao Pervan","AUT","GK","34-142",1987,"https://fbref.com/en/players/c89e8aae/Pavao-Pervan",5,5,5,450,5,14,2.8,28,16,53.6,0,0,5,0,0,1,1,0,0,0,14,1,1,2,1,7.1,0.22,-5.9,-1.19,18,48,37.5,130,24,31.5,32.5,35,20,22.7,33,1,3,5,1,14.9,132,165,80,3159,1654,38,39,97.4,59,59,100,35,67,52.2,0,0,0,0,0,0,0,0
2022,"Wolves","Premier League","José Sá","POR","GK","29-077",1993,"https://fbref.com/en/players/903b6e8b/Jose-Sa",31,31,31,2790,31,27,0.87,122,102,82.8,15,4,12,11,35.5,6,6,0,0,0,27,6,1,1,1,36.7,0.26,10.7,0.35,134,406,33,690,164,42.8,39.5,218,50.9,42.7,282,30,10.6,34,1.1,15.5,612,908,67.4,18068,10157,116,116,100,252,256,98.4,237,528,44.9,1,1,0,4,12,2,0,1
